Handle,Title,Body (HTML),Vendor,Product Category,Type,Tags,Published,Option1 Name,Option1 Value,Option2 Name,Option2 Value,Option3 Name,Option3 Value,Variant SKU,Variant Grams,Variant Inventory Tracker,Variant Inventory Qty,Variant Inventory Policy,Variant Fulfillment Service,Variant Price,Variant Compare At Price,Variant Requires Shipping,Variant Taxable,Variant Barcode,Image Src,Image Position,Image Alt Text,Gift Card,SEO Title,SEO Description,Status
revital-c-serum,סרום ויטמין סי מרוכז 20% לרוויה וזוהר העור,"<div dir=""rtl"" style=""text-align: right; font-family: sans-serif; line-height: 1.6;"">
<h2>סרום ויטמין C מרוכז 20% מבית 7E Wellness</h2>
<p><strong>להבהרת העור, עידוד קולגן והגנה אנטיאוקסידנטית עוצמתית</strong></p>
<p>סרום טיפולי מרוכז המכיל 20% ויטמין C טהור (חומצה אסקורבית) בשילוב נוגד החמצון CoQ10, להענקת מראה עור זוהר, מוצק ואחיד.</p>
<h3>יתרונות עיקריים:</h3>
<ul>
<li>הבהרת כתמים והאחדת גוון הפנים</li>
<li>עידוד ייצור קולגן טבעי להחלקת קמטוטים</li>
<li>הגנה מפני נזקי סביבה ורדיקלים חופשיים</li>
<li>מראה עור רענן, מתוח וזוהר בשימוש יומי</li>
</ul>
</div>",7E Wellness,Skin Care,Serum,"7E Wellness, Shopify Collective",FALSE,Title,Default Title,,,,,200-000,45,shopify,0,deny,manual,88.64,128.38,TRUE,TRUE,00850058317021,https://cdn.shopify.com/s/files/1/0719/2628/4583/files/7ewellness_vitamin_cserum.jpg?v=1770414924,1,,FALSE,,,draft
revital-c-serum,,,,,,,,,,,,,,,,,,,,,,,,,https://cdn.shopify.com/s/files/1/0719/2628/4583/files/7ewellness_vitamin_cserum_with_packaging.jpg?v=1770414924,2,,,,,
revital-c-serum,,,,,,,,,,,,,,,,,,,,,,,,,https://cdn.shopify.com/s/files/1/0719/2628/4583/files/7ewellness_vitamin_cserum_lifestyle_image.jpg?v=1770414924,3,,,,,
revital-c-serum,,,,,,,,,,,,,,,,,,,,,,,,,https://cdn.shopify.com/s/files/1/0719/2628/4583/files/Artboard_4-100.jpg?v=1770414924,4,,,,,
revital-c-serum,,,,,,,,,,,,,,,,,,,,,,,,,https://cdn.shopify.com/s/files/1/0719/2628/4583/files/Artboard_5-100_1.jpg?v=1770414924,5,,,,,
revital-c-serum,,,,,,,,,,,,,,,,,,,,,,,,,https://cdn.shopify.com/s/files/1/0719/2628/4583/files/revital-c-serum-233490.png?v=1770414923,6,,,,,
anua-heartleaf-77-soothing-toner,טונר Heartleaf 77%,"<div dir=""rtl"" style=""text-align:right;line-height:1.75;"">
<p><strong>טונר לחות והרגעה עם 77% תמצית Houttuynia Cordata, שנועד לסייע לאיזון תחושת העור ולשמור על יחס נעים בין לחות ושומן.</strong></p>
<h3>מה חשוב לדעת</h3>
<ul>
<li>77% Heartleaf / Houttuynia Cordata</li>
<li>פורמולה חומצית-עדינה לטיפוח איזון העור</li>
<li>מתאים לכל סוגי העור לפי היצרן</li>
<li>מרקם קליל ונוח לשימוש יומיומי</li>
</ul>
<p><strong>כמות / גודל:</strong> 250 מ״ל / גדלים נוספים בהתאם למלאי</p>
<h3>איך משתמשים</h3>
<p>לאחר הניקוי, שפכי כמה טיפות לכפות הידיים או לפד כותנה וטפחי בעדינות על הפנים.</p>
<p style=""font-size:0.92em;color:#666;""><strong>הערה:</strong> עיצוב האריזה עשוי להשתנות ללא הודעה מוקדמת.</p>
<h2>למי המוצר מתאים</h2>
<p>לעור מעורב או שמן, למראה מרקם לא אחיד ולמי שמחפשת שגרה ממוקדת יותר סביב נקבוביות ועודפי שומן.</p>
<h2>המקום שלו בשגרת K-Beauty</h2>
<p>אחרי ניקוי ולפני אסנס או סרום. מתחילים בכמות קטנה ומטפחים בעדינות עד לספיגה.</p>

<h2>שאלות נפוצות</h2>
<h3>באיזה שלב משתמשים במוצר?</h3>
<p>אחרי ניקוי ולפני אסנס או סרום. מתחילים בכמות קטנה ומטפחים בעדינות עד לספיגה.</p>
<h3>האם אפשר לשלב אותו בשגרה קיימת?</h3>
<p>כן. מומלץ להוסיף מוצר חדש אחד בכל פעם, לבצע בדיקת רגישות ולהתאים את תדירות השימוש לתחושת העור ולהוראות שעל האריזה.</p>
<p style=""font-size:0.92em;color:#666;"">זהו מוצר קוסמטי ואינו מיועד לאבחן או לטפל במצב רפואי. רשימת הרכיבים והוראות היצרן שעל האריזה הן הקובעות.</p>
</div>",ANUA,Skin Care,Toner Lotion,"ANUA, K-Beauty, K-Beauty: Pores, Korean Beauty, Shopify Collective",TRUE,Size,500ml (Jumbo),,,,,Shopify-8809640731440,907,shopify,0,deny,manual,139.90,,TRUE,TRUE,8809640731440,https://cdn.shopify.com/s/files/1/0719/2628/4583/files/anua-heartleaf-77-soothing-toner-tiger-catalog.webp?v=1788178963,1,טונר Heartleaf 77% של ANUA,FALSE,ANUA Heartleaf 77 Soothing Toner | טונר לפנים,"ANUA Heartleaf 77 Soothing Toner עם 77% תמצית Heartleaf, במרקם קל לשגרת K-Beauty. גדלים זמינים בהתאם למלאי והוראות שימוש בעמוד המוצר.",active
anua-heartleaf-77-soothing-toner,,,,,,,,Size,250ml,,,,,Shopify-8809640731433,340,shopify,0,deny,manual,89.90,,TRUE,TRUE,8809640731433,https://cdn.shopify.com/s/files/1/0719/2628/4583/files/41xE4gTTZQL._AC_SL1000.jpg?v=1788159551,2,טונר Heartleaf 77 של ANUA – תמונה 2,,,,
anua-heartleaf-77-soothing-toner,,,,,,,,Size,40ml,,,,,Shopify-8809640731457,113,shopify,0,deny,manual,29.90,,TRUE,TRUE,8809640731457,https://cdn.shopify.com/s/files/1/0719/2628/4583/files/ANUA_heartleaf_77_soothing_toner_3_700x700__94540.1690545475.jpg?v=1788159551,3,טונר Heartleaf 77 של ANUA – תמונה 3,,,,
anua-heartleaf-77-soothing-toner,,,,,,,,,,,,,,,,,,,,,,,,,https://cdn.shopify.com/s/files/1/0719/2628/4583/files/s-l1600_d19b97d9-743d-4d1e-9306-6d09badce2dc.jpg?v=1788159551,4,טונר Heartleaf 77 של ANUA – תמונה 4,,,,
anua-heartleaf-77-soothing-toner,,,,,,,,,,,,,,,,,,,,,,,,,https://cdn.shopify.com/s/files/1/0719/2628/4583/files/Anua-Heartleaf-77-SoothingToner1-40ml-oo35mm.webp?v=1788159550,5,טונר Heartleaf 77 של ANUA – תמונה 5,,,,
anua-heartleaf-77-soothing-toner,,,,,,,,,,,,,,,,,,,,,,,,,https://cdn.shopify.com/s/files/1/0719/2628/4583/files/thumb-500_405x405_ac6a5e6a-a887-4be8-b430-6bddb7bf8c90.jpg?v=1788159551,6,טונר Heartleaf 77 של ANUA – תמונה 6,,,,
anua-niacinamide-10-txa-4-dark-spot-correcting-serum,סרום ניאצינאמיד 10% + TXA 4% למראה כתמים,"<div dir=""rtl"" style=""text-align:right;line-height:1.75;"">
<p><strong>סרום קליל עם 10% ניאצינאמיד ו־4% חומצה טרנקסמית (TXA), המיועד לטיפוח מראה כתמים, סימנים לאחר פצעונים וגוון עור לא אחיד.</strong></p>
<h3>מה חשוב לדעת</h3>
<ul>
<li>10% ניאצינאמיד</li>
<li>4% Tranexamic Acid (TXA)</li>
<li>מכיל גם Arbutin, סרמידים וחומצה היאלורונית</li>
<li>מרקם מימי וקליל לשימוש יומיומי</li>
</ul>
<p><strong>כמות / גודל:</strong> 30 מ״ל</p>
<h3>איך משתמשים</h3>
<p>מרחי כמה טיפות על האזורים הרצויים והגדילי את תדירות השימוש בהדרגה. לפי הוראות היצרן ניתן להשתמש בבוקר ובערב לפני שמנים וקרם לחות. בבוקר יש להשלים עם SPF30 ומעלה.</p>
<p style=""font-size:0.92em;color:#666;""><strong>הערה:</strong> יש לעיין בהוראות ובאזהרות היצרן לפני השימוש.</p>
<h2>למי המוצר מתאים</h2>
<p>לעור שנראה עמום או לא אחיד ולמי שרוצה להוסיף לשגרה שלב ממוקד לזוהר, לחות ומראה רענן יותר.</p>
<h2>המקום שלו בשגרת K-Beauty</h2>
<p>אחרי ניקוי וטונר ולפני קרם לחות. מתחילים בכמות קטנה ומאפשרים למוצר להיספג לפני השלב הבא.</p>
<p><strong>טיפ קטן:</strong> אם זו הפעם הראשונה שלך עם רכיבים פעילים, התחילי בהדרגה ואל תעמיסי כמה מוצרים פעילים חדשים באותו ערב.</p>
<h2>שאלות נפוצות</h2>
<h3>באיזה שלב משתמשים במוצר?</h3>
<p>אחרי ניקוי וטונר ולפני קרם לחות. מתחילים בכמות קטנה ומאפשרים למוצר להיספג לפני השלב הבא.</p>
<h3>האם אפשר לשלב אותו בשגרה קיימת?</h3>
<p>כן. מומלץ להוסיף מוצר חדש אחד בכל פעם, לבצע בדיקת רגישות ולהתאים את תדירות השימוש לתחושת העור ולהוראות שעל האריזה.</p>
<p style=""font-size:0.92em;color:#666;"">זהו מוצר קוסמטי ואינו מיועד לאבחן או לטפל במצב רפואי. רשימת הרכיבים והוראות היצרן שעל האריזה הן הקובעות.</p>
</div>",ANUA,Skin Care,Serum,"ANUA, K-Beauty, K-Beauty: Glow, Korean Beauty, Shopify Collective",TRUE,Title,Default Title,,,,,Shopify-8809640734526,227,shopify,0,deny,manual,99.90,,TRUE,TRUE,8809640734526,https://cdn.shopify.com/s/files/1/0719/2628/4583/files/anua-niacinamide-10-txa-4-dark-spot-correcting-serum-tiger-catalog.webp?v=1788178954,1,סרום ניאצינאמיד 10% + TXA 4% למראה כתמים של ANUA,FALSE,סרום ניאצינאמיד 10% + TXA 4% למראה כתמים | ANUA,"סרום קליל עם 10% ניאצינאמיד ו־4% חומצה טרנקסמית (TXA), המיועד לטיפוח מראה כתמים, סימנים לאחר פצעונים וגוון עור לא אחיד. מחיר בישראל ומשלוח לכל הארץ.",active
anua-niacinamide-10-txa-4-dark-spot-correcting-serum,,,,,,,,,,,,,,,,,,,,,,,,,https://cdn.shopify.com/s/files/1/0719/2628/4583/files/anua-ampoule-serum-30ml-niacinamide-10-txa-4-serum-45891552149782.webp?v=1788159619,2,סרום ניאצינאמיד ו-TXA של ANUA – תמונה 2,,,,
anua-niacinamide-10-txa-4-dark-spot-correcting-serum,,,,,,,,,,,,,,,,,,,,,,,,,https://cdn.shopify.com/s/files/1/0719/2628/4583/files/anua-ampoule-serum-30ml-niacinamide-10-txa-4-dark-spot-correcting-serum-44293013897494.jpg?v=1788159619,3,סרום ניאצינאמיד ו-TXA של ANUA – תמונה 3,,,,
anua-niacinamide-10-txa-4-dark-spot-correcting-serum,,,,,,,,,,,,,,,,,,,,,,,,,https://cdn.shopify.com/s/files/1/0719/2628/4583/files/anua-ampoule-serum-30ml-niacinamide-10-txa-4-dark-spot-correcting-serum-44293013700886.jpg?v=1788159619,4,סרום ניאצינאמיד ו-TXA של ANUA – תמונה 4,,,,
anua-niacinamide-10-txa-4-dark-spot-correcting-serum,,,,,,,,,,,,,,,,,,,,,,,,,https://cdn.shopify.com/s/files/1/0719/2628/4583/files/anua-ampoule-serum-30ml-niacinamide-10-txa-4-serum-1130199718.jpg?v=1788159619,5,סרום ניאצינאמיד ו-TXA של ANUA – תמונה 5,,,,
anua-niacinamide-10-txa-4-dark-spot-correcting-serum,,,,,,,,,,,,,,,,,,,,,,,,,https://cdn.shopify.com/s/files/1/0719/2628/4583/files/anua-ampoule-serum-30ml-niacinamide-10-txa-4-serum-1130199715.jpg?v=1788159619,6,סרום ניאצינאמיד ו-TXA של ANUA – תמונה 6,,,,
anua-niacinamide-10-txa-4-dark-spot-correcting-serum,,,,,,,,,,,,,,,,,,,,,,,,,https://cdn.shopify.com/s/files/1/0719/2628/4583/files/anua-ampoule-serum-30ml-niacinamide-10-txa-4-serum-1130199716.jpg?v=1788159619,7,סרום ניאצינאמיד ו-TXA של ANUA – תמונה 7,,,,
anua-heartleaf-pore-control-cleansing-oil,שמן ניקוי Heartleaf Pore Control,"<div dir=""rtl"" style=""text-align:right;line-height:1.75;"">
<p><strong>שמן ניקוי קליל ולא קומדוגני לפי נתוני היצרן, עם שמנים צמחיים ותמצית Heartleaf, להסרת איפור, שומן ולכלוך תוך שמירה על תחושת לחות.</strong></p>
<h3>מה חשוב לדעת</h3>
<ul>
<li>שמנים ממקור צמחי, כולל חוחובה, זית וזרעי ענבים</li>
<li>תמצית Heartleaf</li>
<li>מתחלב במגע עם מים</li>
<li>מתאים לעור נוטה לפצעונים לפי נתוני היצרן</li>
</ul>
<p><strong>כמות / גודל:</strong> 200 מ״ל / קיימת גם גרסת 20 מ״ל בהתאם למלאי</p>
<h3>איך משתמשים</h3>
<p>על עור יבש, עסי את השמן בעדינות. הוסיפי מעט מים ליצירת אמולסיה ושטפי היטב במים פושרים.</p>
<p style=""font-size:0.92em;color:#666;""><strong>הערה:</strong> עיצוב האריזה עשוי להשתנות ללא הודעה מוקדמת.</p>
<h2>למי המוצר מתאים</h2>
<p>למי שרוצה להסיר איפור, מסנן קרינה ולכלוך בסוף היום בלי להפוך את שלב הניקוי לאגרסיבי או מסורבל.</p>
<h2>המקום שלו בשגרת K-Beauty</h2>
<p>בשלב הראשון של שגרת הערב: מעסים על עור יבש, מוסיפים מעט מים ליצירת תחליב ושוטפים היטב. אפשר להמשיך לניקוי עדין על בסיס מים.</p>

<h2>שאלות נפוצות</h2>
<h3>באיזה שלב משתמשים במוצר?</h3>
<p>בשלב הראשון של שגרת הערב: מעסים על עור יבש, מוסיפים מעט מים ליצירת תחליב ושוטפים היטב. אפשר להמשיך לניקוי עדין על בסיס מים.</p>
<h3>האם אפשר לשלב אותו בשגרה קיימת?</h3>
<p>כן. מומלץ להוסיף מוצר חדש אחד בכל פעם, לבצע בדיקת רגישות ולהתאים את תדירות השימוש לתחושת העור ולהוראות שעל האריזה.</p>
<p style=""font-size:0.92em;color:#666;"">זהו מוצר קוסמטי ואינו מיועד לאבחן או לטפל במצב רפואי. רשימת הרכיבים והוראות היצרן שעל האריזה הן הקובעות.</p>
</div>",ANUA,Skin Care,Cleansing Oil,"ANUA, K-Beauty, K-Beauty: Cleanse, Korean Beauty, Shopify Collective",TRUE,Size,200ml,,,,,Shopify-8809640732829,340,shopify,0,deny,manual,89.90,,TRUE,TRUE,8809640732829,https://cdn.shopify.com/s/files/1/0719/2628/4583/files/anua-heartleaf-pore-control-cleansing-oil-tiger-catalog.webp?v=1788178966,1,שמן ניקוי Heartleaf Pore Control של ANUA,FALSE,שמן ניקוי Heartleaf Pore Control | ANUA,"שמן ניקוי קליל ולא קומדוגני לפי נתוני היצרן, עם שמנים צמחיים ותמצית Heartleaf, להסרת איפור, שומן ולכלוך תוך שמירה על תחושת לחות. מחיר בישראל ומשלוח לכל הארץ.",active
anua-heartleaf-pore-control-cleansing-oil,,,,,,,,Size,20ml,,,,,Shopify-8809640734496,113,shopify,0,deny,manual,29.90,,TRUE,TRUE,8809640734496,https://cdn.shopify.com/s/files/1/0719/2628/4583/files/photo_80_1000x_57f8ae1c-5800-4c4a-ad90-38fd8217d70c.png?v=1788159542,2,שמן ניקוי Heartleaf Pore Control של ANUA – תמונה 2,,,,
anua-heartleaf-pore-control-cleansing-oil,,,,,,,,,,,,,,,,,,,,,,,,,https://cdn.shopify.com/s/files/1/0719/2628/4583/files/ANUA_heartleaf_pore_control_cleansing_oil_2_700x700__88129.1690545799.jpg?v=1788159542,3,שמן ניקוי Heartleaf Pore Control של ANUA – תמונה 3,,,,
anua-heartleaf-pore-control-cleansing-oil,,,,,,,,,,,,,,,,,,,,,,,,,https://cdn.shopify.com/s/files/1/0719/2628/4583/files/ANUA_heartleaf_pore_control_cleansing_oil_1_700x700__80443.1690545800.jpg?v=1788159542,4,שמן ניקוי Heartleaf Pore Control של ANUA – תמונה 4,,,,
anua-heartleaf-pore-control-cleansing-oil,,,,,,,,,,,,,,,,,,,,,,,,,https://cdn.shopify.com/s/files/1/0719/2628/4583/files/unnamed.webp?v=1788159542,5,שמן ניקוי Heartleaf Pore Control של ANUA – תמונה 5,,,,
seapuri-scalpy-hair-serum,Seapuri Scalpy Hair Serum,"<p><strong>Product Description:</strong></p>
<ul></ul>
<ul class=""a-unordered-list a-vertical a-spacing-mini"">
<li class=""a-spacing-mini""><span class=""a-list-item"">Clinically tested to reactivate dormant follicles, reverse thinning, and prevent hair loss for thicker, fuller hair.</span></li>
<li class=""a-spacing-mini""><span class=""a-list-item"">Fast-absorbing formula that instantly cools down the scalp and soothes the follicles without leaving a greasy residue. Maintains the hair volume without weighing down the roots.</span></li>
<li class=""a-spacing-mini""><span class=""a-list-item"">A metal-ball massaging applicator delivers the formula directly to the roots, boosting blood flow and ensuring deep penetration, hence better results.</span></li>
<li class=""a-spacing-mini""><span class=""a-list-item"">Perfect for both men and women with any hair or scalp types. Use daily for best results and experience stronger, thicker, and healthier hair over time.</span></li>
</ul>
<p><strong><span style=""color: #404040;"">Size:<span> </span></span></strong><span style=""color: #404040;"">20ml</span></p>
<p><span style=""color: #404040;""><strong>How To Use:</strong> </span></p>
<ol>
<li>Shake well before use</li>
<li>Apply directly to the scalp daily using the roller ball applicator in a gentle, rolling motion</li>
<li>Gently tap with your fingertips to absorb any excess product</li>
</ol>
<p><span style=""color: #404040;""><strong>Note:</strong><span> </span>The package design is subject to change without notice</span></p>
<p><span style=""color: #404040;""><strong>UPC</strong>: 8809934860870</span></p>",AsiaBeautyMall,Hair Care,Hair Treatment,"AsiaBeautyMall, Shopify Collective",FALSE,Title,Default Title,,,,,Shopify-8809934860870,113,shopify,0,deny,manual,58.05,84.06,TRUE,TRUE,8809934860870,https://cdn.shopify.com/s/files/1/0719/2628/4583/files/61Eqi9PE5RL._SL1500.jpg?v=1788190886,1,,FALSE,,,draft
seapuri-scalpy-hair-serum,,,,,,,,,,,,,,,,,,,,,,,,,https://cdn.shopify.com/s/files/1/0719/2628/4583/files/61QnAPHuyFL._SL1500.jpg?v=1788190886,2,,,,,
seapuri-scalpy-hair-serum,,,,,,,,,,,,,,,,,,,,,,,,,https://cdn.shopify.com/s/files/1/0719/2628/4583/files/61scZqi-oHL._SL1500.jpg?v=1788190886,3,,,,,
seapuri-scalpy-hair-serum,,,,,,,,,,,,,,,,,,,,,,,,,https://cdn.shopify.com/s/files/1/0719/2628/4583/files/71IJXl4QBiL._SL1500.jpg?v=1788190886,4,,,,,
seapuri-scalpy-hair-serum,,,,,,,,,,,,,,,,,,,,,,,,,https://cdn.shopify.com/s/files/1/0719/2628/4583/files/71cm5aK3yaL._SL1500.jpg?v=1788190886,5,,,,,
seapuri-scalpy-hair-serum,,,,,,,,,,,,,,,,,,,,,,,,,https://cdn.shopify.com/s/files/1/0719/2628/4583/files/81Mq0cFiY0L._SL1500.jpg?v=1788190886,6,,,,,
beauty-of-joseon-ground-rice-and-honey-glow-mask,"מסיכת זוהר אורז ודבש לפנים - Beauty of Joseon (150 מ""ל)","<div dir=""rtl"" style=""text-align: right; direction: rtl; font-family: inherit; line-height: 1.7; color: #1f2937;"">
  <p style=""font-size: 16px; margin-bottom: 16px;"">
    <strong>מסיכת שטיפה קלינית להזנה אינטנסיבית, טיהור נקבוביות וחידוש זוהר העור.</strong>
  </p>

  <p style=""margin-bottom: 16px;"">
    מסיכת הפנים של Beauty of Joseon משלבת את רפואת הצמחים הקוריאנית המסורתית (Hanbang) עם טכנולוגיית טיפוח מודרנית. הפורמולה מבוססת על תמציות יין אורז מותסס (Makgeolli), <strong>5% דבש טבעי מרוכז</strong>, חימר קאולין טהור ואבקת קליפת אורז דקיקה. השילוב מעניק טיפול מקיף: ניקוי עמוק של עודפי סבום, פילינג עדין להסרת תאים מתים והזנת לחות עשירה ללא תחושת מתיחה או יובש.
  </p>

  <h3 style=""font-size: 16px; font-weight: 700; color: #111827; margin-top: 24px; margin-bottom: 12px; border-bottom: 1px solid #e5e7eb; padding-bottom: 6px;"">
    יתרונות מרכזיים:
  </h3>
  <ul style=""padding-right: 20px; margin-bottom: 20px;"">
    <li style=""margin-bottom: 8px;"">
<strong>טיהור נקבוביות ואיזון שומן:</strong> חימר קאולין סופח עודפי שומן ומנקה לכלוך עמוק מבלי לייבש את מחסום ההגנה של העור.</li>
    <li style=""margin-bottom: 8px;"">
<strong>פילינג עדין וטבעי:</strong> אבקת קליפת אורז מיקרוסקופית מלטשת את העור בעדינות ומשפרת את המרקם ללא גירויים.</li>
    <li style=""margin-bottom: 8px;"">
<strong>הזנה והרגעת אדמומיות:</strong> 5% דבש טבעי עשיר באנטיאוקסידנטים מסייע בהרגעת עור מגורה והפחתת פגמים.</li>
    <li style=""margin-bottom: 8px;"">
<strong>הבהרה ואחידות:</strong> רכיבי האורז המותסס מעודדים חידוש תאי ומעניקים לעור מראה רענן, חלק וקורן.</li>
  </ul>

  <h3 style=""font-size: 16px; font-weight: 700; color: #111827; margin-top: 24px; margin-bottom: 12px; border-bottom: 1px solid #e5e7eb; padding-bottom: 6px;"">
    רכיבים פעילים:
  </h3>
  <ul style=""padding-right: 20px; margin-bottom: 20px;"">
    <li style=""margin-bottom: 8px;"">
<strong>תמצית יין אורז מותסס (Makgeolli Lees):</strong> עשירה בחומצות אמינו, ויטמינים ומינרלים לחיזוק גמישות העור.</li>
    <li style=""margin-bottom: 8px;"">
<strong>5% דבש טבעי (Honey):</strong> מרכיב אנטי-דלקתי ואנטי-בקטריאלי המעניק לחות מתמשכת.</li>
    <li style=""margin-bottom: 8px;"">
<strong>חימר קאולין (Kaolin Clay):</strong> סופח שומן ומצמצם נראות נקבוביות.</li>
    <li style=""margin-bottom: 8px;"">
<strong>אבקת קליפת אורז (Rice Hull Powder):</strong> מסירה תאים מתים ומחליקה את פני העור.</li>
  </ul>

  <h3 style=""font-size: 16px; font-weight: 700; color: #111827; margin-top: 24px; margin-bottom: 12px; border-bottom: 1px solid #e5e7eb; padding-bottom: 6px;"">
    הוראות שימוש:
  </h3>
  <ol style=""padding-right: 20px; margin-bottom: 20px;"">
    <li style=""margin-bottom: 8px;"">לאחר ניקוי הפנים, מרחי שכבה אחידה על עור פנים נקי ויבש (הימנעי מאזור העיניים והשפתיים).</li>
    <li style=""margin-bottom: 8px;"">השאירי את המסיכה לפעול במשך 10–15 דקות.</li>
    <li style=""margin-bottom: 8px;"">עסי בעדינות בתנועות מעגליות עם מים פושרים לשטיפה מלאה ופילינג עדין, וייבשי בעדינות.</li>
  </ol>

  <p style=""font-size: 14px; color: #6b7280; margin-top: 20px; border-top: 1px solid #f3f4f6; padding-top: 12px;"">
    <strong>תכולה:</strong> 150 מ""ל (גודל מלא) | <strong>מתאים לכל סוגי העור</strong>, כולל עור רגיש ועור מעורב הנוטה לפגמים.
  </p>
</div>",AsiaBeautyMall,Skin Care,Face Mask,"AsiaBeautyMall, Shopify Collective",TRUE,Title,Default Title,,,,,Shopify-8809968130246,340,shopify,0,deny,manual,33.59,55.02,TRUE,TRUE,8809968130246,https://cdn.shopify.com/s/files/1/0719/2628/4583/files/71n49rwzEZL._SL1500.jpg?v=1770414346,1,מסכת אורז ודבש לפנים של Beauty of Joseon,FALSE,מסכת אורז ודבש לפנים | Beauty of Joseon,"מסכת שטיפה Beauty of Joseon עם אורז, דבש וחימר קאולין לטיפוח, ניקוי ולחות. 150 מ״ל, מתאימה לשגרת טיפוח ביתית.",active
beauty-of-joseon-ground-rice-and-honey-glow-mask,,,,,,,,,,,,,,,,,,,,,,,,,https://cdn.shopify.com/s/files/1/0719/2628/4583/files/GroundRiceMaskThumb_0000_LayerComp1.jpg?v=1770414346,2,מסכת אורז ודבש של Beauty of Joseon – תמונה 2,,,,
beauty-of-joseon-ground-rice-and-honey-glow-mask,,,,,,,,,,,,,,,,,,,,,,,,,https://cdn.shopify.com/s/files/1/0719/2628/4583/files/GroundRiceMaskThumb_0003_LayerComp4.jpg?v=1770414346,3,מסכת אורז ודבש של Beauty of Joseon – תמונה 3,,,,
beauty-of-joseon-ground-rice-and-honey-glow-mask,,,,,,,,,,,,,,,,,,,,,,,,,https://cdn.shopify.com/s/files/1/0719/2628/4583/files/texture_0001_LayerComp2_1ebafa5d-897a-4858-a39f-6099d762dfa5.jpg?v=1770414346,4,מסכת אורז ודבש של Beauty of Joseon – תמונה 4,,,,
beauty-of-joseon-ground-rice-and-honey-glow-mask,,,,,,,,,,,,,,,,,,,,,,,,,https://cdn.shopify.com/s/files/1/0719/2628/4583/files/71-TQkPmuQL._SL1500.jpg?v=1770414346,5,מסכת אורז ודבש של Beauty of Joseon – תמונה 5,,,,
medicube-pdrn-pink-peptide-serum,סרום PDRN Pink Peptide — Medicube,"<div dir=""rtl"" style=""text-align:right;direction:rtl;line-height:1.7"">
<p><strong>Medicube PDRN Pink Peptide הוא סרום פנים לשגרת לחות, גמישות ומראה אחיד יותר של העור.</strong></p>
<p>הפורמולה משלבת PDRN, פפטידים ורכיבי טיפוח נוספים כגון חומצה היאלורונית ו-CoQ10. המרקם קל ומתאים לשילוב בשגרת בוקר או ערב.</p>
<h3>מה אפשר לצפות מסרום קוסמטי?</h3>
<ul>
<li>תוספת לחות וטיפוח כחלק משגרה עקבית.</li>
<li>תמיכה במראה עור חלק, רך ורענן יותר.</li>
<li>פורמט סרום קל לשילוב לפני קרם לחות.</li>
</ul>
<h3>חשוב לדעת</h3>
<p>התוצאה משתנה בין משתמשות ומוצר קוסמטי אינו יכול להבטיח חידוש תאים, טיפול בפיגמנטציה או תוצאה בפרק זמן קבוע. בבוקר מומלץ להשלים את השגרה עם מקדם הגנה.</p>
</div>",AsiaBeautyMall,Skin Care,Serum,"AsiaBeautyMall, Shopify Collective",TRUE,Title,Default Title,,,,,Shopify-8800256108053,227,shopify,0,deny,manual,45.82,,TRUE,TRUE,8800256108053,https://cdn.shopify.com/s/files/1/0719/2628/4583/files/medicube-salmon-dna-pdrn-pink-peptide-serum-30ml-152781-482468.jpg?v=1787671367,1,סרום PDRN Pink Peptide של Medicube,FALSE,Medicube PDRN Pink Peptide | סרום פנים קוריאני,"סרום פנים Medicube PDRN Pink Peptide עם PDRN, פפטידים ורכיבי לחות, לשילוב בשגרת טיפוח K-Beauty בבוקר או בערב.",active
medicube-pdrn-pink-peptide-serum,,,,,,,,,,,,,,,,,,,,,,,,,https://cdn.shopify.com/s/files/1/0719/2628/4583/files/615DOoCI6xL._SL1500.jpg?v=1770414858,2,סרום PDRN Pink Peptide של Medicube – תמונה 2,,,,
medicube-pdrn-pink-peptide-serum,,,,,,,,,,,,,,,,,,,,,,,,,https://cdn.shopify.com/s/files/1/0719/2628/4583/files/716TUWUX3dL._SL1500.jpg?v=1770414859,3,סרום PDRN Pink Peptide של Medicube – תמונה 3,,,,
medicube-pdrn-pink-peptide-serum,,,,,,,,,,,,,,,,,,,,,,,,,https://cdn.shopify.com/s/files/1/0719/2628/4583/files/71WC9CYimNL._SL1500.jpg?v=1770414859,4,סרום PDRN Pink Peptide של Medicube – תמונה 4,,,,
medicube-pdrn-pink-peptide-serum,,,,,,,,,,,,,,,,,,,,,,,,,https://cdn.shopify.com/s/files/1/0719/2628/4583/files/710kL-WuBCL._SL1500.jpg?v=1770414858,5,סרום PDRN Pink Peptide של Medicube – תמונה 5,,,,
medicube-pdrn-pink-peptide-serum,,,,,,,,,,,,,,,,,,,,,,,,,https://cdn.shopify.com/s/files/1/0719/2628/4583/files/71UNnMF3-fL._SL1500.jpg?v=1770414858,6,סרום PDRN Pink Peptide של Medicube – תמונה 6,,,,
beauty-of-joseon-glow-deep-serum-rice-alpha-arbutin,סרום הבהרה וזוהר אורז וארבוטין — Beauty of Joseon,"<div dir=""rtl"" style=""text-align:right;direction:rtl;line-height:1.7"">
<p><strong>Beauty of Joseon Glow Deep Serum הוא סרום פנים עם תמצית אורז ואלפא ארבוטין, לשגרת טיפוח שמכוונת ללחות, זוהר ומראה עור אחיד יותר.</strong></p>
<p>המרקם הקל מתאים לשילוב בשגרת בוקר או ערב. אלפא ארבוטין הוא רכיב נפוץ במוצרי טיפוח למראה כתמים וגוון לא אחיד, אך מוצר קוסמטי אינו יכול להבטיח העלמה של פיגמנטציה או תוצאה בתוך מספר ימים קבוע.</p>
<h3>רכיבים מרכזיים</h3>
<ul>
<li>
<strong>תמצית אורז:</strong> רכיב טיפוח שמוסיף לחות ותומך בתחושת רכות.</li>
<li>
<strong>אלפא ארבוטין:</strong> משמש במוצרי טיפוח שמיועדים למראה גוון אחיד יותר.</li>
</ul>
<h3>איך משלבים בשגרה?</h3>
<p>לאחר ניקוי, מרחי כמה טיפות לפי הוראות האריזה והמשיכי עם קרם לחות. בבוקר חשוב להשתמש במקדם הגנה כחלק משגרת טיפוח שמכוונת למראה כתמים וגוון אחיד.</p>
<p>אם העור רגיש או אם משלבים מספר רכיבים פעילים, התחילי בהדרגה והפסיקי שימוש במקרה של תגובה חריגה.</p>
</div>",AsiaBeautyMall,Skin Care,Serum,"AsiaBeautyMall, Shopify Collective",TRUE,Title,Default Title,,,,,Shopify-8809738312728,113,shopify,0,deny,manual,45.82,,TRUE,TRUE,8809738312728,https://cdn.shopify.com/s/files/1/0719/2628/4583/files/aec01220da0c665b34e1e37b3b82e594_757x757_e9143517-f4e9-452f-8c0a-0441914d44ed.png?v=1770414440,1,סרום Glow Deep של Beauty of Joseon עם אורז ואלפא ארבוטין,FALSE,סרום אורז ואלפא ארבוטין | Beauty of Joseon,"Glow Deep Serum של Beauty of Joseon עם תמצית אורז ואלפא ארבוטין לשגרת לחות, זוהר ומראה גוון אחיד. 30 מ״ל.",active
beauty-of-joseon-glow-deep-serum-rice-alpha-arbutin,,,,,,,,,,,,,,,,,,,,,,,,,https://cdn.shopify.com/s/files/1/0719/2628/4583/files/d9fb920781dbbb2829a272cf58314d27_757x757_48a407dd-ec41-401c-b20e-b69d295e2524.png?v=1770414440,2,סרום Glow Deep של Beauty of Joseon – תמונה נוספת,,,,
crown-affair-the-renewal-hydrating-hair-mask-vegan-cruelty-free-hair-moisturizer-for-dry-damaged-hair,"Crown Affair The Renewal Hydrating Hair Mask - Vegan, Cruelty-Free Hair Moisturizer for Dry, Damaged Hair","<h2>Revitalize Your Hair with The Renewal Hydrating Hair Mask</h2><p>Tired of dry, damaged hair that lacks luster? The Renewal Hydrating Hair Mask is here to transform your locks. Formulated with nourishing Tsubaki Seed Oil and Yuzu Extract, this luxurious weekly treatment deeply moisturizes and strengthens your hair without weighing it down.</p><p><strong>Experience the Power of Nature:</strong></p><ul>
<li>
<strong>Tsubaki Seed Oil:</strong> Deeply moisturizes, adds shine, and strengthens strands without weight.</li>
<li>
<strong>Yuzu Extract:</strong> Nourishes and increases elasticity, smoothness, and fullness.</li>
</ul><p>Imagine having hair that feels soft, looks vibrant, and is full of life. The Renewal Hydrating Hair Mask makes it possible. Suitable for various hair types (fine, medium, thick) and textures (straight, wavy, curly, coily), it's perfect for anyone seeking intense hydration and repair.</p><h2>Why Choose The Renewal Hydrating Hair Mask?</h2><p>This isn't just another hair mask. It's a commitment to your hair's health, formulated with the finest ingredients and crafted with care. Here's what sets it apart:</p><ul>
<li>
<strong>Clean Beauty:</strong> Free of harmful chemicals like parabens, sulfates, and formaldehydes, making it safe for regular use.</li>
<li>
<strong>Vegan &amp; Cruelty-Free:</strong> Aligns with your values, ensuring no animal testing and no animal-derived ingredients.</li>
<li>
<strong>Lightweight:</strong> Won't weigh your hair down, perfect for daily nourishment.</li>
</ul><h2>Ideal for:</h2><ul>
<li>Busy individuals seeking a quick, effective hair treatment.</li>
<li>Those with dry, damaged, or processed hair.</li>
<li>Anyone prioritizing natural, ethical beauty products.</li>
</ul><h2>Technical Specifications</h2><ul>
<li>
<strong>Key Ingredients:</strong> Tsubaki Seed Oil, Yuzu Extract</li>
<li>
<strong>Hair Type:</strong> Fine, Medium, Thick</li>
<li>
<strong>Hair Texture:</strong> Straight, Wavy, Curly, Coily</li>
<li>
<strong>Product Claims:</strong> Vegan, Gluten-Free, Cruelty-Free</li>
<li>
<strong>Weight:</strong> Approximately 0.3 kg (estimated)</li>
</ul><p>Ready to give your hair the nourishment it deserves? Try The Renewal Hydrating Hair Mask today and experience the transformative power of Crown Affair.</p>",Beauty Care Bag,,Hair Mask,"Beauty Care Bag, Shopify Collective",FALSE,Title,Default Title,,,,,bcb_nosku_48308452753641,300,shopify,0,deny,manual,313.19,,TRUE,TRUE,,https://cdn.shopify.com/s/files/1/0719/2628/4583/files/bIjBheobA2njvRKq0d1ZUlDuipWdRRZzgYBY62jU.jpg?v=1787467574,1,,FALSE,,,draft
the-body-wash-olibanum-radiance-treatment-body-wash-with-vitamin-c-enzymes-for-visibly-radiant-skin,The Body Wash Olibanum - Radiance Treatment Body Wash with Vitamin C & Enzymes for Visibly Radiant Skin,"<h2>Experience Radiant Skin with The Body Wash Olibanum</h2><p>Are you tired of dull, lackluster skin? Do you struggle to find a body wash that not only cleanses but also provides a radiance treatment? Look no further than The Body Wash Olibanum, expertly formulated with vitamin C, enzymes, and niacinamide to leave your skin visibly radiant and refreshed.</p><p>This daily body cleanser is designed for individuals seeking radiant skin, those interested in skincare with natural ingredients, and consumers looking for hypoallergenic and non-comedogenic products. The unique blend of ingredients works synergistically to provide multiple benefits, making it an ideal solution for your skincare needs.</p><h3>Unlock the Power of Key Ingredients</h3><ul>
<li>
<strong>Vitamin C</strong>: Tetrahexyldecyl ascorbate visibly fades spots and reverses dullness, leaving your skin with a brighter, more even tone.</li>
<li>
<strong>Multi-Enzyme Blend</strong>: Bromelain, papain, and superoxide dismutase support radiant skin by promoting healthier-looking skin and reducing the appearance of dullness.</li>
<li>
<strong>Pure Olibanum Oil</strong>: Comforts the skin and provides a soothing experience, perfect for sensitive skin types.</li>
</ul><p>With The Body Wash Olibanum, you can enjoy a range of customer benefits, including visibly improved skin radiance, reduced appearance of spots and dullness, and a gentle, non-irritating cleansing experience. The product is dermatologist-tested, hypoallergenic, and non-comedogenic, ensuring it is suitable for even the most sensitive skin.</p><h2>Why Choose The Body Wash Olibanum?</h2><p>This product stands out from the rest due to its unique formulation and commitment to clean and planet-aware practices. The Body Wash Olibanum is free from SLS/SLES, making it gentle on skin and avoiding harsh sulfates. The brand is dedicated to making meaningful environmental commitments, including sustainable ingredients and sourcing, packaging, and corporate commitments.</p><h3>Ideal Use Cases &amp; Scenarios</h3><p>The Body Wash Olibanum is perfect for daily use, whether you're looking to start your day with a refreshing cleanse or unwind after a workout. It's also an excellent addition to your self-care routine, providing a soothing and comforting experience.</p><h2>Technical Specifications</h2><ul>
<li>
<strong>Key Ingredients:</strong> Vitamin C, Multi-Enzyme Blend, Pure Olibanum Oil</li>
<li>
<strong>Product Claims:</strong> Dermatologist-tested, hypoallergenic, non-comedogenic</li>
<li>
<strong>Free From:</strong> SLS/SLES</li>
</ul><p>Ready to experience the transformative power of The Body Wash Olibanum? Click 'Add to Cart' now and start your journey to visibly radiant skin!</p>",Beauty Care Bag,,Cleanser,"Beauty Care Bag, Shopify Collective",FALSE,Title,Default Title,,,,,bcb_nosku_48308310212841,300,shopify,0,deny,manual,211.31,,TRUE,TRUE,,https://cdn.shopify.com/s/files/1/0719/2628/4583/files/xNAmy5FKVu2OExXRvh8UnLBu5Jrzy4taDiZXecrI.jpg?v=1787467609,1,,FALSE,,,draft
beauty-of-joseon-relief-sun-aqua-fresh-rice-b5-spf-50-pa-2-packs,זוג קרמי הגנה Relief Sun Aqua-Fresh Rice + B5 SPF50+ PA++++,"<div dir=""rtl"" style=""text-align:right;line-height:1.75;"">
<p><strong>זוג קרמי הגנה קלילים עם מי זרעי אורז ופנתנול, שמעניקים SPF50+ PA++++, לחות וגימור רענן ללא שכבה לבנה.</strong></p>
<h3>מה חשוב לדעת</h3>
<ul>
<li>SPF50+ PA++++</li>
<li>מי זרעי אורז + פנתנול</li>
<li>מרקם תחליבי קליל שנספג במהירות</li>
<li>ללא תחושת שמנוניות או שכבה לבנה לפי נתוני היצרן</li>
</ul>
<p><strong>כמות / גודל:</strong> 50 מ״ל × 2</p>
<h3>איך משתמשים</h3>
<p>כשלב האחרון בשגרת הבוקר, מרחי כמות נדיבה ואחידה על אזורים החשופים לשמש.</p>
<p style=""font-size:0.92em;color:#666;""><strong>הערה:</strong> עיצוב האריזה עשוי להשתנות ללא הודעה מוקדמת.</p>
<h2>למי המוצר מתאים</h2>
<p>למי שמחפשת הגנה יומיומית מהשמש כחלק קבוע משגרת הבוקר, עם מרקם שנוח לשלב מעל טיפוח ומתחת לאיפור.</p>
<h2>המקום שלו בשגרת K-Beauty</h2>
<p>בשלב האחרון של שגרת הבוקר, אחרי קרם הלחות ולפני איפור. יש למרוח כמות נדיבה ולחדש לפי הוראות היצרן ובמהלך חשיפה לשמש.</p>

<h2>שאלות נפוצות</h2>
<h3>באיזה שלב משתמשים במוצר?</h3>
<p>בשלב האחרון של שגרת הבוקר, אחרי קרם הלחות ולפני איפור. יש למרוח כמות נדיבה ולחדש לפי הוראות היצרן ובמהלך חשיפה לשמש.</p>
<h3>האם אפשר לשלב אותו בשגרה קיימת?</h3>
<p>כן. מומלץ להוסיף מוצר חדש אחד בכל פעם, לבצע בדיקת רגישות ולהתאים את תדירות השימוש לתחושת העור ולהוראות שעל האריזה.</p>
<p style=""font-size:0.92em;color:#666;"">זהו מוצר קוסמטי ואינו מיועד לאבחן או לטפל במצב רפואי. רשימת הרכיבים והוראות היצרן שעל האריזה הן הקובעות.</p>
</div>",Beauty of Joseon,Sunscreen,Sunscreen,"Beauty of Joseon, K-Beauty, K-Beauty: Sun, Korean Beauty, Shopify Collective",TRUE,Title,Default Title,,,,,Shopify-8809968130864,227,shopify,0,deny,manual,139.90,,TRUE,TRUE,8809968130864,https://cdn.shopify.com/s/files/1/0719/2628/4583/files/beauty-of-joseon-relief-sun-aqua-fresh-rice-b5-spf-50-pa-2-packs-tiger-catalog.webp?v=1788179000,1,זוג קרמי הגנה Relief Sun Aqua-Fresh Rice + B5 SPF50+ PA++++ של Beauty of Joseon,FALSE,זוג קרמי הגנה Relief Sun Aqua-Fresh Rice + B5 | Beauty of Joseon,"זוג קרמי הגנה קלילים עם מי זרעי אורז ופנתנול, שמעניקים SPF50+ PA++++, לחות וגימור רענן ללא שכבה לבנה. מחיר בישראל ומשלוח לכל הארץ.",active
beauty-of-joseon-relief-sun-aqua-fresh-rice-b5-spf-50-pa-2-packs,,,,,,,,,,,,,,,,,,,,,,,,,https://cdn.shopify.com/s/files/1/0719/2628/4583/files/a4d9267d-4fd9-45a6-b289-0c2b07068932.webp?v=1788158706,2,זוג קרמי Relief Sun Aqua-Fresh של Beauty of Joseon – תמונה 2,,,,
beauty-of-joseon-relief-sun-aqua-fresh-rice-b5-spf-50-pa-2-packs,,,,,,,,,,,,,,,,,,,,,,,,,https://cdn.shopify.com/s/files/1/0719/2628/4583/files/1_42282b25-8978-4dd5-973c-690709ac0d71.png?v=1788158707,3,זוג קרמי Relief Sun Aqua-Fresh של Beauty of Joseon – תמונה 3,,,,
beauty-of-joseon-matte-sun-stick-mugwort-camelia-spf-50-pa,סטיק הגנה Matte Sun Stick SPF50+ PA++++,"<div dir=""rtl"" style=""text-align:right;line-height:1.75;"">
<p><strong>סטיק הגנה קומפקטי עם SPF50+ PA++++ וגימור מאט, שנועד לחידוש נוח במהלך היום בלי תחושה שמנונית או דביקה.</strong></p>
<h3>מה חשוב לדעת</h3>
<ul>
<li>SPF50+ PA++++</li>
<li>גימור מאט עם אבקת סיליקה לשליטה בתחושת השומן</li>
<li>פורמט קומפקטי ונוח לנשיאה</li>
<li>אין צורך למרוח עם הידיים</li>
</ul>
<p><strong>כמות / גודל:</strong> 18 גרם</p>
<h3>איך משתמשים</h3>
<p>העבירי בעדינות על אזורים הזקוקים להגנה מהשמש. לפי הוראות היצרן יש לחדש כל 2–3 שעות. הימנעי מלחץ חזק על הסטיק.</p>
<p style=""font-size:0.92em;color:#666;""><strong>הערה:</strong> מריחה מעל איפור עלולה להזיז חלק ממנו בשל החיכוך.</p>
<h2>למי המוצר מתאים</h2>
<p>למי שמחפשת הגנה יומיומית מהשמש כחלק קבוע משגרת הבוקר, עם מרקם שנוח לשלב מעל טיפוח ומתחת לאיפור.</p>
<h2>המקום שלו בשגרת K-Beauty</h2>
<p>בשלב האחרון של שגרת הבוקר, אחרי קרם הלחות ולפני איפור. יש למרוח כמות נדיבה ולחדש לפי הוראות היצרן ובמהלך חשיפה לשמש.</p>

<h2>שאלות נפוצות</h2>
<h3>באיזה שלב משתמשים במוצר?</h3>
<p>בשלב האחרון של שגרת הבוקר, אחרי קרם הלחות ולפני איפור. יש למרוח כמות נדיבה ולחדש לפי הוראות היצרן ובמהלך חשיפה לשמש.</p>
<h3>האם אפשר לשלב אותו בשגרה קיימת?</h3>
<p>כן. מומלץ להוסיף מוצר חדש אחד בכל פעם, לבצע בדיקת רגישות ולהתאים את תדירות השימוש לתחושת העור ולהוראות שעל האריזה.</p>
<p style=""font-size:0.92em;color:#666;"">זהו מוצר קוסמטי ואינו מיועד לאבחן או לטפל במצב רפואי. רשימת הרכיבים והוראות היצרן שעל האריזה הן הקובעות.</p>
</div>",Beauty of Joseon,Sunscreen,Sunscreen,"Beauty of Joseon, K-Beauty, K-Beauty: Sun, Korean Beauty, Shopify Collective",TRUE,Title,Default Title,,,,,Shopify-8809864766884,113,shopify,0,deny,manual,79.90,,TRUE,TRUE,8809864766884,https://cdn.shopify.com/s/files/1/0719/2628/4583/files/beauty-of-joseon-matte-sun-stick-mugwort-camelia-spf-50-pa-tiger-catalog.webp?v=1788178988,1,סטיק הגנה Matte Sun Stick SPF50+ PA++++ של Beauty of Joseon,FALSE,סטיק הגנה Matte Sun Stick SPF50+ PA++++ | Beauty of Joseon,"סטיק הגנה קומפקטי עם SPF50+ PA++++ וגימור מאט, שנועד לחידוש נוח במהלך היום בלי תחושה שמנונית או דביקה. מחיר בישראל ומשלוח לכל הארץ.",active
beauty-of-joseon-matte-sun-stick-mugwort-camelia-spf-50-pa,,,,,,,,,,,,,,,,,,,,,,,,,https://cdn.shopify.com/s/files/1/0719/2628/4583/files/4178-5P0TqL._SL1500.jpg?v=1788158707,2,סטיק הגנה Matte Sun Stick של Beauty of Joseon – תמונה 2,,,,
beauty-of-joseon-matte-sun-stick-mugwort-camelia-spf-50-pa,,,,,,,,,,,,,,,,,,,,,,,,,https://cdn.shopify.com/s/files/1/0719/2628/4583/files/61HnyItDjlL._SL1500.jpg?v=1788158707,3,סטיק הגנה Matte Sun Stick של Beauty of Joseon – תמונה 3,,,,
beauty-of-joseon-matte-sun-stick-mugwort-camelia-spf-50-pa,,,,,,,,,,,,,,,,,,,,,,,,,https://cdn.shopify.com/s/files/1/0719/2628/4583/files/61iA_k1tNdL._SL1500.jpg?v=1788158707,4,סטיק הגנה Matte Sun Stick של Beauty of Joseon – תמונה 4,,,,
beauty-of-joseon-glow-serum-propolis-niacinamide,סרום Glow פרופוליס + ניאצינאמיד,"<div dir=""rtl"" style=""text-align:right;line-height:1.75;"">
<p><strong>סרום קליל עם 60% תמצית פרופוליס, 2% ניאצינאמיד ו־0.5% BHA, שנועד לאיזון תחושת השומן והלחות ולטיפוח מראה נקבוביות.</strong></p>
<h3>מה חשוב לדעת</h3>
<ul>
<li>60% תמצית פרופוליס</li>
<li>2% ניאצינאמיד</li>
<li>0.5% BHA</li>
<li>מתאים לכל סוגי העור לפי היצרן</li>
</ul>
<p><strong>כמות / גודל:</strong> 30 מ״ל</p>
<h3>איך משתמשים</h3>
<p>מרחי 2–3 טיפות על הפנים וטפחי בעדינות עד לספיגה.</p>
<p style=""font-size:0.92em;color:#666;""><strong>הערה:</strong> מכיל BHA. יש לעיין בהוראות ובאזהרות היצרן לפני השימוש.</p>
<h2>למי המוצר מתאים</h2>
<p>לעור שנראה עמום או לא אחיד ולמי שרוצה להוסיף לשגרה שלב ממוקד לזוהר, לחות ומראה רענן יותר.</p>
<h2>המקום שלו בשגרת K-Beauty</h2>
<p>אחרי ניקוי וטונר ולפני קרם לחות. מתחילים בכמות קטנה ומאפשרים למוצר להיספג לפני השלב הבא.</p>
<p><strong>טיפ קטן:</strong> אם זו הפעם הראשונה שלך עם רכיבים פעילים, התחילי בהדרגה ואל תעמיסי כמה מוצרים פעילים חדשים באותו ערב.</p>
<h2>שאלות נפוצות</h2>
<h3>באיזה שלב משתמשים במוצר?</h3>
<p>אחרי ניקוי וטונר ולפני קרם לחות. מתחילים בכמות קטנה ומאפשרים למוצר להיספג לפני השלב הבא.</p>
<h3>האם אפשר לשלב אותו בשגרה קיימת?</h3>
<p>כן. מומלץ להוסיף מוצר חדש אחד בכל פעם, לבצע בדיקת רגישות ולהתאים את תדירות השימוש לתחושת העור ולהוראות שעל האריזה.</p>
<p style=""font-size:0.92em;color:#666;"">זהו מוצר קוסמטי ואינו מיועד לאבחן או לטפל במצב רפואי. רשימת הרכיבים והוראות היצרן שעל האריזה הן הקובעות.</p>
</div>",Beauty of Joseon,Skin Care,Serum,"Beauty of Joseon, K-Beauty, K-Beauty: Glow, Korean Beauty, Shopify Collective",TRUE,Title,Default Title,,,,,Shopify-8809657114960,113,shopify,0,deny,manual,69.90,,TRUE,TRUE,8809657114960,https://cdn.shopify.com/s/files/1/0719/2628/4583/files/beauty-of-joseon-glow-serum-propolis-niacinamide-tiger-catalog.webp?v=1788178985,1,סרום Glow פרופוליס + ניאצינאמיד של Beauty of Joseon,FALSE,סרום Glow פרופוליס + ניאצינאמיד | Beauty of Joseon,"סרום קליל עם 60% תמצית פרופוליס, 2% ניאצינאמיד ו־0.5% BHA, שנועד לאיזון תחושת השומן והלחות ולטיפוח מראה נקבוביות. מחיר בישראל ומשלוח לכל הארץ.",active
beauty-of-joseon-glow-serum-propolis-niacinamide,,,,,,,,,,,,,,,,,,,,,,,,,https://cdn.shopify.com/s/files/1/0719/2628/4583/files/95f2d44e43931756c39aa2ddfd3e85fa_757x757_46272adc-85a2-4c07-af59-09d5ac2e12e5.png?v=1788158707,2,סרום Glow של Beauty of Joseon – תמונה 2,,,,
beauty-of-joseon-glow-serum-propolis-niacinamide,,,,,,,,,,,,,,,,,,,,,,,,,https://cdn.shopify.com/s/files/1/0719/2628/4583/files/210770bb76f3efb80936dc78afc06c64_757x757_047b18b1-d239-4dab-af81-af63252b75d4.png?v=1788158707,3,סרום Glow של Beauty of Joseon – תמונה 3,,,,
beauty-of-joseon-pore-firming-serum-red-bean-pdrn-peptide,סרום Red Bean PDRN + Peptide למראה נקבוביות,"<div dir=""rtl"" style=""text-align:right;line-height:1.75;"">
<p><strong>סרום פנים קליל המשלב Red Bean, PDRN ופפטידים, ונועד לטיפוח מראה נקבוביות, איזון תחושת העור והענקת גמישות.</strong></p>
<h3>מה חשוב לדעת</h3>
<ul>
<li>PDRN לטיפוח והרגעת מראה העור</li>
<li>תמצית שעועית אדומה ופפטידים</li>
<li>מרקם קליל ונושם</li>
<li>מתאים גם לעור רגיש ונוטה לפצעונים לפי נתוני היצרן</li>
</ul>
<p><strong>כמות / גודל:</strong> 30 מ״ל</p>
<h3>איך משתמשים</h3>
<p>מרחי כמות מתונה על העור וטפחי בעדינות עד לספיגה.</p>
<p style=""font-size:0.92em;color:#666;""><strong>הערה:</strong> עיצוב האריזה עשוי להשתנות ללא הודעה מוקדמת.</p>
<h2>למי המוצר מתאים</h2>
<p>לעור מעורב או שמן, למראה מרקם לא אחיד ולמי שמחפשת שגרה ממוקדת יותר סביב נקבוביות ועודפי שומן.</p>
<h2>המקום שלו בשגרת K-Beauty</h2>
<p>אחרי ניקוי וטונר ולפני קרם לחות. מתחילים בכמות קטנה ומאפשרים למוצר להיספג לפני השלב הבא.</p>
<p><strong>טיפ קטן:</strong> אם זו הפעם הראשונה שלך עם רכיבים פעילים, התחילי בהדרגה ואל תעמיסי כמה מוצרים פעילים חדשים באותו ערב.</p>
<h2>שאלות נפוצות</h2>
<h3>באיזה שלב משתמשים במוצר?</h3>
<p>אחרי ניקוי וטונר ולפני קרם לחות. מתחילים בכמות קטנה ומאפשרים למוצר להיספג לפני השלב הבא.</p>
<h3>האם אפשר לשלב אותו בשגרה קיימת?</h3>
<p>כן. מומלץ להוסיף מוצר חדש אחד בכל פעם, לבצע בדיקת רגישות ולהתאים את תדירות השימוש לתחושת העור ולהוראות שעל האריזה.</p>
<p style=""font-size:0.92em;color:#666;"">זהו מוצר קוסמטי ואינו מיועד לאבחן או לטפל במצב רפואי. רשימת הרכיבים והוראות היצרן שעל האריזה הן הקובעות.</p>
</div>",Beauty of Joseon,Skin Care,Serum,"Beauty of Joseon, K-Beauty, K-Beauty: Glow, K-Beauty: Pores, Korean Beauty, Shopify Collective",TRUE,Title,Default Title,,,,,Shopify-8809968133476,113,shopify,0,deny,manual,79.90,,TRUE,TRUE,8809968133476,https://cdn.shopify.com/s/files/1/0719/2628/4583/files/beauty-of-joseon-pore-firming-serum-red-bean-pdrn-peptide-catalog-v2.webp?v=1788273139,1,סרום Red Bean PDRN + Peptide של Beauty of Joseon על רקע בהיר,FALSE,סרום Red Bean PDRN + Peptide למראה נקבוביות | Beauty of Joseon,"סרום פנים קליל המשלב Red Bean, PDRN ופפטידים, ונועד לטיפוח מראה נקבוביות, איזון תחושת העור והענקת גמישות. מחיר בישראל ומשלוח לכל הארץ.",active
beauty-of-joseon-pore-firming-serum-red-bean-pdrn-peptide,,,,,,,,,,,,,,,,,,,,,,,,,https://cdn.shopify.com/s/files/1/0719/2628/4583/files/beauty-of-joseon-pore-firming-serum-red-bean-pdrn-peptide-tiger-catalog.webp?v=1788179002,2,סרום Red Bean PDRN + Peptide למראה נקבוביות של Beauty of Joseon,,,,
beauty-of-joseon-pore-firming-serum-red-bean-pdrn-peptide,,,,,,,,,,,,,,,,,,,,,,,,,https://cdn.shopify.com/s/files/1/0719/2628/4583/files/51XuckisvrL._SL1500.jpg?v=1788158701,3,סרום Red Bean PDRN של Beauty of Joseon – תמונה 3,,,,
beauty-of-joseon-pore-firming-serum-red-bean-pdrn-peptide,,,,,,,,,,,,,,,,,,,,,,,,,https://cdn.shopify.com/s/files/1/0719/2628/4583/files/71aIhaX8skL._SL1500.jpg?v=1788158701,4,סרום Red Bean PDRN של Beauty of Joseon – תמונה 4,,,,
beauty-of-joseon-pore-firming-serum-red-bean-pdrn-peptide,,,,,,,,,,,,,,,,,,,,,,,,,https://cdn.shopify.com/s/files/1/0719/2628/4583/files/71T9wxgOmuL._SL1500.jpg?v=1788158701,5,סרום Red Bean PDRN של Beauty of Joseon – תמונה 5,,,,
beauty-of-joseon-pore-firming-serum-red-bean-pdrn-peptide,,,,,,,,,,,,,,,,,,,,,,,,,https://cdn.shopify.com/s/files/1/0719/2628/4583/files/710hUrkGSmL._SL1500.jpg?v=1788158701,6,סרום Red Bean PDRN של Beauty of Joseon – תמונה 6,,,,
beauty-of-joseon-pore-firming-serum-red-bean-pdrn-peptide,,,,,,,,,,,,,,,,,,,,,,,,,https://cdn.shopify.com/s/files/1/0719/2628/4583/files/71O32IRQF-L._SL1500.jpg?v=1788158701,7,סרום Red Bean PDRN של Beauty of Joseon – תמונה 7,,,,
beauty-of-joseon-revive-eye-serum-ginseng-retinal,סרום עיניים Revive ג׳ינסנג + רטינל,"<div dir=""rtl"" style=""text-align:right;line-height:1.75;"">
<p><strong>סרום טיפוח לאזור העיניים עם 10% תמצית שורש ג׳ינסנג ו־2% Retinal Liposome, במרקם מזין שאינו דביק.</strong></p>
<h3>מה חשוב לדעת</h3>
<ul>
<li>10% תמצית ג׳ינסנג</li>
<li>2% Retinal Liposome</li>
<li>מרקם חלק ונעים באזור העיניים</li>
<li>מתאים לכל סוגי העור לפי היצרן</li>
</ul>
<p><strong>כמות / גודל:</strong> 30 מ״ל</p>
<h3>איך משתמשים</h3>
<p>הניחי כמות קטנה על האצבע וטפחי בעדינות סביב אזור העיניים. לעור רגיש מומלץ להתחיל בכמות קטנה ולהגדיל בהדרגה לפי הוראות היצרן.</p>
<p style=""font-size:0.92em;color:#666;""><strong>הערה:</strong> מכיל רטינל. יש לעיין בהוראות ובאזהרות היצרן לפני השימוש.</p>
<h2>למי המוצר מתאים</h2>
<p>למי שרוצה לבנות שגרת טיפוח קוריאנית קצרה וברורה ולבחור מוצר לפי התפקיד שלו, המרקם והשלב הנכון בשגרה.</p>
<h2>המקום שלו בשגרת K-Beauty</h2>
<p>אחרי סרום ולפני קרם הלחות, בכמות קטנה ובטפיחות עדינות סביב עצם ארובת העין.</p>

<h2>שאלות נפוצות</h2>
<h3>באיזה שלב משתמשים במוצר?</h3>
<p>אחרי סרום ולפני קרם הלחות, בכמות קטנה ובטפיחות עדינות סביב עצם ארובת העין.</p>
<h3>האם אפשר לשלב אותו בשגרה קיימת?</h3>
<p>כן. מומלץ להוסיף מוצר חדש אחד בכל פעם, לבצע בדיקת רגישות ולהתאים את תדירות השימוש לתחושת העור ולהוראות שעל האריזה.</p>
<p style=""font-size:0.92em;color:#666;"">זהו מוצר קוסמטי ואינו מיועד לאבחן או לטפל במצב רפואי. רשימת הרכיבים והוראות היצרן שעל האריזה הן הקובעות.</p>
</div>",Beauty of Joseon,Skin Care,Eye Cream,"Beauty of Joseon, K-Beauty, Korean Beauty, Shopify Collective",TRUE,Title,Default Title,,,,,Shopify-8809738316146,113,shopify,0,deny,manual,69.90,,TRUE,TRUE,8809738316146,https://cdn.shopify.com/s/files/1/0719/2628/4583/files/beauty-of-joseon-revive-eye-serum-ginseng-retinal-tiger-catalog.webp?v=1788178993,1,סרום עיניים Revive ג׳ינסנג + רטינל של Beauty of Joseon,FALSE,סרום עיניים קוריאני ג׳ינסנג + רטינל | Beauty of Joseon,"סרום עיניים קוריאני של Beauty of Joseon עם ג׳ינסנג ו-Retinal Liposome, במרקם מזין ולא דביק. מחיר בישראל ומשלוח לכל הארץ.",active
beauty-of-joseon-revive-eye-serum-ginseng-retinal,,,,,,,,,,,,,,,,,,,,,,,,,https://cdn.shopify.com/s/files/1/0719/2628/4583/files/219iNlchlhL.jpg?v=1788158707,2,סרום עיניים Revive של Beauty of Joseon – תמונה נוספת,,,,
beauty-of-joseon-dynasty-cream,קרם Dynasty,"<div dir=""rtl"" style=""text-align:right;line-height:1.75;"">
<p><strong>קרם לחות עשיר ואהוב של Beauty of Joseon עם מי סובין אורז, מי ג׳ינסנג, סקוואלן וניאצינאמיד, ללחות ממושכת וגימור זוהר טבעי.</strong></p>
<h3>מה חשוב לדעת</h3>
<ul>
<li>2% ניאצינאמיד ו־2% סקוואלן</li>
<li>מרקם קרמי עשיר ללחות ממושכת</li>
<li>מסייע לאיזון תחושת השומן והלחות</li>
<li>מתאים לכל סוגי העור, ובמיוחד לעור יבש לפי היצרן</li>
</ul>
<p><strong>כמות / גודל:</strong> 50 מ״ל</p>
<h3>איך משתמשים</h3>
<p>כשלב האחרון בשגרת הטיפוח, מרחי כמות מתאימה על הפנים וטפחי בעדינות לספיגה. ניתן להתאים את הכמות לסוג העור.</p>
<p style=""font-size:0.92em;color:#666;""><strong>הערה:</strong> עיצוב האריזה עשוי להשתנות ללא הודעה מוקדמת.</p>
<h2>למי המוצר מתאים</h2>
<p>לעור שמרגיש יבש, מתוח או מיובש ולמי שמחפשת לחות נוחה שתשתלב בשגרה בלי להכביד.</p>
<h2>המקום שלו בשגרת K-Beauty</h2>
<p>אחרי טונר וסרום, כשלב הלחות האחרון בערב. בבוקר מסיימים מעליו עם קרם הגנה.</p>

<h2>שאלות נפוצות</h2>
<h3>באיזה שלב משתמשים במוצר?</h3>
<p>אחרי טונר וסרום, כשלב הלחות האחרון בערב. בבוקר מסיימים מעליו עם קרם הגנה.</p>
<h3>האם אפשר לשלב אותו בשגרה קיימת?</h3>
<p>כן. מומלץ להוסיף מוצר חדש אחד בכל פעם, לבצע בדיקת רגישות ולהתאים את תדירות השימוש לתחושת העור ולהוראות שעל האריזה.</p>
<p style=""font-size:0.92em;color:#666;"">זהו מוצר קוסמטי ואינו מיועד לאבחן או לטפל במצב רפואי. רשימת הרכיבים והוראות היצרן שעל האריזה הן הקובעות.</p>
</div>",Beauty of Joseon,Skin Care,Moisturizer,"Beauty of Joseon, K-Beauty, K-Beauty: Hydration, Korean Beauty, Shopify Collective",TRUE,Title,Default Title,,,,,Shopify-8809525249565,340,shopify,0,deny,manual,99.90,,TRUE,TRUE,8809525249565,https://cdn.shopify.com/s/files/1/0719/2628/4583/files/beauty-of-joseon-dynasty-cream-tiger-catalog.webp?v=1788178997,1,קרם Dynasty של Beauty of Joseon,FALSE,קרם Dynasty | Beauty of Joseon,"קרם לחות עשיר של Beauty of Joseon עם מי סובין אורז, מי ג׳ינסנג, סקוואלן וניאצינאמיד, ללחות ממושכת וגימור זוהר טבעי. מחיר בישראל ומשלוח לכל הארץ.",active
beauty-of-joseon-dynasty-cream,,,,,,,,,,,,,,,,,,,,,,,,,https://cdn.shopify.com/s/files/1/0719/2628/4583/files/s-l1600_c75eb775-3402-4f0f-89ba-cc34922a1957.jpg?v=1788158707,2,קרם Dynasty של Beauty of Joseon – תמונה 2,,,,
beauty-of-joseon-dynasty-cream,,,,,,,,,,,,,,,,,,,,,,,,,https://cdn.shopify.com/s/files/1/0719/2628/4583/files/1_47b12b73-e25f-482c-8d6b-10eaddebdad8.png?v=1788158708,3,קרם Dynasty של Beauty of Joseon – תמונה 3,,,,
beauty-of-joseon-dynasty-cream,,,,,,,,,,,,,,,,,,,,,,,,,https://cdn.shopify.com/s/files/1/0719/2628/4583/files/3_ad4e588e-3d53-4d9e-972e-79f6e5d9a626.png?v=1788158707,4,קרם Dynasty של Beauty of Joseon – תמונה 4,,,,
beauty-of-joseon-relief-sun-rice-probiotics-spf-50-pa,קרם הגנה Relief Sun Rice + Probiotics SPF50+ PA++++,"<div dir=""rtl"" style=""text-align:right;line-height:1.75;"">
<p><strong>קרם הגנה קוריאני קליל וקרמי עם אורז ותמציות דגנים מותססים, המעניק SPF50+ PA++++ וגימור לח וזוהר ללא שכבה לבנה.</strong></p>
<h3>מה חשוב לדעת</h3>
<ul>
<li>SPF50+ PA++++</li>
<li>מרקם קליל ולא דביק</li>
<li>ללא White Cast לאחר הספיגה לפי היצרן</li>
<li>מתאים לשימוש לפני איפור</li>
</ul>
<p><strong>כמות / גודל:</strong> 50 מ״ל</p>
<h3>איך משתמשים</h3>
<p>כשלב האחרון בשגרת הבוקר, מרחי כמות נדיבה ואחידה על אזורים החשופים לשמש.</p>
<p style=""font-size:0.92em;color:#666;""><strong>הערה:</strong> עיצוב האריזה עשוי להשתנות ללא הודעה מוקדמת.</p>
<h2>למי המוצר מתאים</h2>
<p>למי שמחפשת הגנה יומיומית מהשמש כחלק קבוע משגרת הבוקר, עם מרקם שנוח לשלב מעל טיפוח ומתחת לאיפור.</p>
<h2>המקום שלו בשגרת K-Beauty</h2>
<p>בשלב האחרון של שגרת הבוקר, אחרי קרם הלחות ולפני איפור. יש למרוח כמות נדיבה ולחדש לפי הוראות היצרן ובמהלך חשיפה לשמש.</p>

<h2>שאלות נפוצות</h2>
<h3>באיזה שלב משתמשים במוצר?</h3>
<p>בשלב האחרון של שגרת הבוקר, אחרי קרם הלחות ולפני איפור. יש למרוח כמות נדיבה ולחדש לפי הוראות היצרן ובמהלך חשיפה לשמש.</p>
<h3>האם אפשר לשלב אותו בשגרה קיימת?</h3>
<p>כן. מומלץ להוסיף מוצר חדש אחד בכל פעם, לבצע בדיקת רגישות ולהתאים את תדירות השימוש לתחושת העור ולהוראות שעל האריזה.</p>
<p style=""font-size:0.92em;color:#666;"">זהו מוצר קוסמטי ואינו מיועד לאבחן או לטפל במצב רפואי. רשימת הרכיבים והוראות היצרן שעל האריזה הן הקובעות.</p>
</div>",Beauty of Joseon,Sunscreen,Sunscreen,"Beauty of Joseon, K-Beauty, K-Beauty: Sun, Korean Beauty, Shopify Collective",TRUE,Title,Default Title,,,,,Shopify-8809782555508,113,shopify,0,deny,manual,79.90,,TRUE,TRUE,8809782555508,https://cdn.shopify.com/s/files/1/0719/2628/4583/files/beauty-of-joseon-relief-sun-rice-probiotics-spf-50-pa-tiger-catalog.webp?v=1788178995,1,קרם הגנה Relief Sun Rice + Probiotics SPF50+ PA++++ של Beauty of Joseon,FALSE,קרם הגנה Relief Sun Rice + Probiotics SPF50+ | Beauty of Joseon,"קרם הגנה קוריאני קליל וקרמי עם אורז ותמציות דגנים מותססים, המעניק SPF50+ PA++++ וגימור לח וזוהר ללא שכבה לבנה. מחיר בישראל ומשלוח לכל הארץ.",active
beauty-of-joseon-relief-sun-rice-probiotics-spf-50-pa,,,,,,,,,,,,,,,,,,,,,,,,,https://cdn.shopify.com/s/files/1/0719/2628/4583/files/beauty-of-joseon-relief-sun-rice-probiotic-50ml-318.jpg?v=1788158707,2,קרם הגנה Relief Sun של Beauty of Joseon – תמונה 2,,,,
beauty-of-joseon-relief-sun-rice-probiotics-spf-50-pa,,,,,,,,,,,,,,,,,,,,,,,,,https://cdn.shopify.com/s/files/1/0719/2628/4583/files/s-l1600.jpg?v=1788158707,3,קרם הגנה Relief Sun של Beauty of Joseon – תמונה 3,,,,
beauty-of-joseon-ginseng-cleansing-oil,שמן ניקוי ג׳ינסנג,"<div dir=""rtl"" style=""text-align:right;line-height:1.75;"">
<p><strong>שמן ניקוי קליל על בסיס שמן סויה ושמן זרעי ג׳ינסנג, שממיס איפור, שומן ולכלוך ומותיר את העור נקי ונעים.</strong></p>
<h3>מה חשוב לדעת</h3>
<ul>
<li>שמן סויה כבסיס לניקוי</li>
<li>0.1% שמן זרעי ג׳ינסנג</li>
<li>מתחלב במגע עם מים ונשטף בקלות</li>
<li>מתאים לכל סוגי העור לפי היצרן</li>
</ul>
<p><strong>כמות / גודל:</strong> 210 מ״ל</p>
<h3>איך משתמשים</h3>
<p>על פנים יבשות, עסי 1–2 לחיצות של שמן. הוסיפי מעט מים כדי ליצור אמולסיה, שטפי במים פושרים והמשיכי עם ניקוי קצפי.</p>
<p style=""font-size:0.92em;color:#666;""><strong>הערה:</strong> עיצוב האריזה עשוי להשתנות ללא הודעה מוקדמת.</p>
<h2>למי המוצר מתאים</h2>
<p>למי שרוצה להסיר איפור, מסנן קרינה ולכלוך בסוף היום בלי להפוך את שלב הניקוי לאגרסיבי או מסורבל.</p>
<h2>המקום שלו בשגרת K-Beauty</h2>
<p>בשלב הראשון של שגרת הערב: מעסים על עור יבש, מוסיפים מעט מים ליצירת תחליב ושוטפים היטב. אפשר להמשיך לניקוי עדין על בסיס מים.</p>

<h2>שאלות נפוצות</h2>
<h3>באיזה שלב משתמשים במוצר?</h3>
<p>בשלב הראשון של שגרת הערב: מעסים על עור יבש, מוסיפים מעט מים ליצירת תחליב ושוטפים היטב. אפשר להמשיך לניקוי עדין על בסיס מים.</p>
<h3>האם אפשר לשלב אותו בשגרה קיימת?</h3>
<p>כן. מומלץ להוסיף מוצר חדש אחד בכל פעם, לבצע בדיקת רגישות ולהתאים את תדירות השימוש לתחושת העור ולהוראות שעל האריזה.</p>
<p style=""font-size:0.92em;color:#666;"">זהו מוצר קוסמטי ואינו מיועד לאבחן או לטפל במצב רפואי. רשימת הרכיבים והוראות היצרן שעל האריזה הן הקובעות.</p>
</div>",Beauty of Joseon,Skin Care,Cleansing Oil,"Beauty of Joseon, K-Beauty, K-Beauty: Cleanse, Korean Beauty, Shopify Collective",TRUE,Title,Default Title,,,,,Shopify-8809968130130,340,shopify,0,deny,manual,89.90,,TRUE,TRUE,8809968130130,https://cdn.shopify.com/s/files/1/0719/2628/4583/files/beauty-of-joseon-ginseng-cleansing-oil-tiger-catalog.webp?v=1788178990,1,שמן ניקוי ג׳ינסנג של Beauty of Joseon,FALSE,שמן ניקוי לפנים ג׳ינסנג | Beauty of Joseon,"שמן ניקוי לפנים של Beauty of Joseon עם ג׳ינסנג ושמן סויה, להסרת איפור, SPF ולכלוך כחלק משגרת Double Cleansing. משלוח בישראל.",active
beauty-of-joseon-ginseng-cleansing-oil,,,,,,,,,,,,,,,,,,,,,,,,,https://cdn.shopify.com/s/files/1/0719/2628/4583/files/8809738315866.jpg?v=1788158707,2,שמן ניקוי ג׳ינסנג של Beauty of Joseon – תמונה 2,,,,
beauty-of-joseon-ginseng-cleansing-oil,,,,,,,,,,,,,,,,,,,,,,,,,https://cdn.shopify.com/s/files/1/0719/2628/4583/files/s-l500_d65c50e3-0336-4989-81ef-483a9a1109c4.jpg?v=1788158707,3,שמן ניקוי ג׳ינסנג של Beauty of Joseon – תמונה 3,,,,
beauty-of-joseon-ginseng-cleansing-oil,,,,,,,,,,,,,,,,,,,,,,,,,https://cdn.shopify.com/s/files/1/0719/2628/4583/files/s-l500_f0012bc3-4ffa-4a36-b193-e05018c7bc6f.jpg?v=1788158707,4,שמן ניקוי ג׳ינסנג של Beauty of Joseon – תמונה 4,,,,
cosrx-advanced-snail-96-mucin-power-essence,אסנס Snail 96 Mucin Power,"<div dir=""rtl"" style=""text-align:right;line-height:1.75;"">
<p><strong>אסנס קליל עם 96% מוצין חלזונות מסונן, שנועד להעניק לעור לחות אינטנסיבית, לשפר את תחושת המרקם ולהוסיף זוהר טבעי.</strong></p>
<h3>מה חשוב לדעת</h3>
<ul>
<li>נספג במהירות ומעניק לחות ללא תחושה כבדה</li>
<li>מסייע למראה עור חלק וזוהר יותר</li>
<li>מיועד לעור שנראה יבש, עמום או מחוספס</li>
<li>מרקם קליל שמתאים לשילוב בשגרת טיפוח</li>
</ul>
<p><strong>כמות / גודל:</strong> 100 מ״ל</p>
<h3>איך משתמשים</h3>
<p>לאחר ניקוי וטונר, מרחי על הפנים וטפחי בעדינות בעזרת קצות האצבעות עד לספיגה.</p>
<p style=""font-size:0.92em;color:#666;""><strong>הערה:</strong> עיצוב האריזה עשוי להשתנות ללא הודעה מוקדמת.</p>
<h2>למי המוצר מתאים</h2>
<p>לעור שמרגיש יבש, מתוח או מיובש ולמי שמחפשת לחות נוחה שתשתלב בשגרה בלי להכביד.</p>
<h2>המקום שלו בשגרת K-Beauty</h2>
<p>אחרי ניקוי וטונר ולפני קרם לחות. מתחילים בכמות קטנה ומאפשרים למוצר להיספג לפני השלב הבא.</p>

<h2>שאלות נפוצות</h2>
<h3>באיזה שלב משתמשים במוצר?</h3>
<p>אחרי ניקוי וטונר ולפני קרם לחות. מתחילים בכמות קטנה ומאפשרים למוצר להיספג לפני השלב הבא.</p>
<h3>האם אפשר לשלב אותו בשגרה קיימת?</h3>
<p>כן. מומלץ להוסיף מוצר חדש אחד בכל פעם, לבצע בדיקת רגישות ולהתאים את תדירות השימוש לתחושת העור ולהוראות שעל האריזה.</p>
<p style=""font-size:0.92em;color:#666;"">זהו מוצר קוסמטי ואינו מיועד לאבחן או לטפל במצב רפואי. רשימת הרכיבים והוראות היצרן שעל האריזה הן הקובעות.</p>
</div>",COSRX,Skin Care,Serum,"COSRX, K-Beauty, K-Beauty: Hydration, K-Beauty: Snail, Korean Beauty, Shopify Collective",TRUE,Title,Default Title,,,,,Shopify-8809416470009,227,shopify,0,deny,manual,69.90,,TRUE,TRUE,8809416470009,https://cdn.shopify.com/s/files/1/0719/2628/4583/files/cosrx-advanced-snail-96-mucin-power-essence-tiger-catalog.webp?v=1788179018,1,אסנס Snail 96 Mucin Power של COSRX,FALSE,אסנס Snail 96 Mucin Power | COSRX,"אסנס קליל עם 96% מוצין חלזונות מסונן, שנועד להעניק לעור לחות אינטנסיבית, לשפר את תחושת המרקם ולהוסיף זוהר טבעי. מחיר בישראל ומשלוח לכל הארץ.",active
cosrx-advanced-snail-96-mucin-power-essence,,,,,,,,,,,,,,,,,,,,,,,,,https://cdn.shopify.com/s/files/1/0719/2628/4583/files/61p-wtpDraL._SL1500.jpg?v=1788158317,2,אסנס Snail 96 Mucin Power של COSRX – תמונה 2,,,,
cosrx-advanced-snail-96-mucin-power-essence,,,,,,,,,,,,,,,,,,,,,,,,,https://cdn.shopify.com/s/files/1/0719/2628/4583/files/71FpdB1RTwL._SL1000.jpg?v=1788158317,3,אסנס Snail 96 Mucin Power של COSRX – תמונה 3,,,,
cosrx-advanced-snail-96-mucin-power-essence,,,,,,,,,,,,,,,,,,,,,,,,,https://cdn.shopify.com/s/files/1/0719/2628/4583/files/61eWGrYO0-L._SL1500.jpg?v=1788158317,4,אסנס Snail 96 Mucin Power של COSRX – תמונה 4,,,,
cosrx-the-6-peptide-skin-booster,בוסטר 6 פפטידים The 6 Peptide Skin Booster,"<div dir=""rtl"" style=""text-align:right;line-height:1.75;"">
<p><strong>בוסטר קליל במרקם דמוי טונר עם קומפלקס של 6 פפטידים, לשלב הראשון בשגרת הטיפוח ולמראה עור חלק, זוהר וגמיש יותר.</strong></p>
<h3>מה חשוב לדעת</h3>
<ul>
<li>6 סוגי פפטידים</li>
<li>מרקם קליל שנספג במהירות</li>
<li>מיועד לשכבות עם מוצרים נוספים</li>
<li>תומך במראה נקבוביות, גמישות וזוהר</li>
</ul>
<p><strong>כמות / גודל:</strong> 150 מ״ל</p>
<h3>איך משתמשים</h3>
<p>לאחר הניקוי, מרחי 2–3 לחיצות על העור. ניתן להוסיף שכבה נוספת לפי הצורך ולהמשיך עם קרם לחות.</p>
<p style=""font-size:0.92em;color:#666;""><strong>הערה:</strong> עיצוב האריזה עשוי להשתנות ללא הודעה מוקדמת.</p>
<h2>למי המוצר מתאים</h2>
<p>לעור מעורב או שמן, למראה מרקם לא אחיד ולמי שמחפשת שגרה ממוקדת יותר סביב נקבוביות ועודפי שומן.</p>
<h2>המקום שלו בשגרת K-Beauty</h2>
<p>אחרי ניקוי ולפני אסנס או סרום. מתחילים בכמות קטנה ומטפחים בעדינות עד לספיגה.</p>

<h2>שאלות נפוצות</h2>
<h3>באיזה שלב משתמשים במוצר?</h3>
<p>אחרי ניקוי ולפני אסנס או סרום. מתחילים בכמות קטנה ומטפחים בעדינות עד לספיגה.</p>
<h3>האם אפשר לשלב אותו בשגרה קיימת?</h3>
<p>כן. מומלץ להוסיף מוצר חדש אחד בכל פעם, לבצע בדיקת רגישות ולהתאים את תדירות השימוש לתחושת העור ולהוראות שעל האריזה.</p>
<p style=""font-size:0.92em;color:#666;"">זהו מוצר קוסמטי ואינו מיועד לאבחן או לטפל במצב רפואי. רשימת הרכיבים והוראות היצרן שעל האריזה הן הקובעות.</p>
</div>",COSRX,Skin Care,Toner Lotion,"COSRX, K-Beauty, K-Beauty: Pores, Korean Beauty, Shopify Collective",TRUE,Title,Default Title,,,,,Shopify-8809598455658,227,shopify,0,deny,manual,89.90,,TRUE,TRUE,8809598455658,https://cdn.shopify.com/s/files/1/0719/2628/4583/files/cosrx-the-6-peptide-skin-booster-catalog-v2.webp?v=1788273144,1,בוסטר 6 פפטידים The 6 Peptide Skin Booster של COSRX על רקע בהיר,FALSE,בוסטר 6 פפטידים The 6 Peptide Skin Booster | COSRX,"בוסטר קליל במרקם דמוי טונר עם קומפלקס של 6 פפטידים, לשלב הראשון בשגרת הטיפוח ולמראה עור חלק, זוהר וגמיש יותר. מחיר בישראל ומשלוח לכל הארץ.",active
cosrx-the-6-peptide-skin-booster,,,,,,,,,,,,,,,,,,,,,,,,,https://cdn.shopify.com/s/files/1/0719/2628/4583/files/cosrx-the-6-peptide-skin-booster-tiger-catalog.webp?v=1788179005,2,בוסטר 6 פפטידים The 6 Peptide Skin Booster של COSRX,,,,
cosrx-the-6-peptide-skin-booster,,,,,,,,,,,,,,,,,,,,,,,,,https://cdn.shopify.com/s/files/1/0719/2628/4583/files/61ZNyaBF0CL._SL1500.jpg?v=1788158476,3,בוסטר 6 פפטידים של COSRX – תמונה 3,,,,
cosrx-the-6-peptide-skin-booster,,,,,,,,,,,,,,,,,,,,,,,,,https://cdn.shopify.com/s/files/1/0719/2628/4583/files/71v0bKNqB_L._SL1500.jpg?v=1788158476,4,בוסטר 6 פפטידים של COSRX – תמונה 4,,,,
cosrx-the-6-peptide-skin-booster,,,,,,,,,,,,,,,,,,,,,,,,,https://cdn.shopify.com/s/files/1/0719/2628/4583/files/711ugS91vhL._SL1500.jpg?v=1788158476,5,בוסטר 6 פפטידים של COSRX – תמונה 5,,,,
cosrx-the-6-peptide-skin-booster,,,,,,,,,,,,,,,,,,,,,,,,,https://cdn.shopify.com/s/files/1/0719/2628/4583/files/614gJ5RRWVL._SL1500.jpg?v=1788158476,6,בוסטר 6 פפטידים של COSRX – תמונה 6,,,,
cosrx-acne-pimple-master-patch,מדבקות הידרוקולואיד Acne Pimple Master Patch,"<div dir=""rtl"" style=""text-align:right;line-height:1.75;"">
<p><strong>מדבקות הידרוקולואיד נקודתיות שנועדו לכסות אזורים בעייתיים, להגן עליהם ממגע חיצוני ולספוג הפרשות.</strong></p>
<h3>מה חשוב לדעת</h3>
<ul>
<li>24 מדבקות בשלושה גדלים</li>
<li>יוצרות שכבת הגנה על האזור</li>
<li>הידרוקולואיד סופג הפרשות מהאזור</li>
<li>נוחות לשימוש נקודתי</li>
</ul>
<p><strong>כמות / גודל:</strong> 24 מדבקות: 7 מ״מ, 10 מ״מ ו־12 מ״מ</p>
<h3>איך משתמשים</h3>
<p>יש לנקות ולייבש היטב את האזור ללא סרום או קרם. בחרי מדבקה בגודל המתאים והצמידי. החליפי כאשר המדבקה הופכת לבנה ומתנפחת.</p>
<p style=""font-size:0.92em;color:#666;""><strong>הערה:</strong> לעיון מלא יש לפעול לפי הוראות היצרן שעל האריזה.</p>
<h2>למי המוצר מתאים</h2>
<p>לעור מעורב או שמן, למראה מרקם לא אחיד ולמי שמחפשת שגרה ממוקדת יותר סביב נקבוביות ועודפי שומן.</p>
<h2>המקום שלו בשגרת K-Beauty</h2>
<p>מדביקים על עור נקי ויבש לפני שאר מוצרי הטיפוח באזור הנקודתי, ומסירים לפי הוראות היצרן.</p>

<h2>שאלות נפוצות</h2>
<h3>באיזה שלב משתמשים במוצר?</h3>
<p>מדביקים על עור נקי ויבש לפני שאר מוצרי הטיפוח באזור הנקודתי, ומסירים לפי הוראות היצרן.</p>
<h3>האם אפשר לשלב אותו בשגרה קיימת?</h3>
<p>כן. מומלץ להוסיף מוצר חדש אחד בכל פעם, לבצע בדיקת רגישות ולהתאים את תדירות השימוש לתחושת העור ולהוראות שעל האריזה.</p>
<p style=""font-size:0.92em;color:#666;"">זהו מוצר קוסמטי ואינו מיועד לאבחן או לטפל במצב רפואי. רשימת הרכיבים והוראות היצרן שעל האריזה הן הקובעות.</p>
</div>",COSRX,Skin Care,Acne Treatment,"COSRX, K-Beauty, K-Beauty: Pores, Korean Beauty, Shopify Collective",TRUE,Title,Default Title,,,,,Shopify-8809416470245,113,shopify,0,deny,manual,19.90,,TRUE,TRUE,8809416470245,https://cdn.shopify.com/s/files/1/0719/2628/4583/files/cosrx-acne-pimple-master-patch-tiger-catalog.webp?v=1788179010,1,מדבקות הידרוקולואיד Acne Pimple Master Patch של COSRX,FALSE,מדבקות הידרוקולואיד Acne Pimple Master Patch | COSRX,"מדבקות הידרוקולואיד נקודתיות שנועדו לכסות אזורים בעייתיים, להגן עליהם ממגע חיצוני ולספוג הפרשות. מחיר בישראל ומשלוח לכל הארץ.",active
cosrx-acne-pimple-master-patch,,,,,,,,,,,,,,,,,,,,,,,,,https://cdn.shopify.com/s/files/1/0719/2628/4583/files/2517360.png?v=1788158471,2,מדבקות Acne Pimple Master Patch של COSRX – תמונה 2,,,,
cosrx-acne-pimple-master-patch,,,,,,,,,,,,,,,,,,,,,,,,,https://cdn.shopify.com/s/files/1/0719/2628/4583/files/2517360_alt01.jpg?v=1788158470,3,מדבקות Acne Pimple Master Patch של COSRX – תמונה 3,,,,
cosrx-acne-pimple-master-patch,,,,,,,,,,,,,,,,,,,,,,,,,https://cdn.shopify.com/s/files/1/0719/2628/4583/files/2517360_alt02.jpg?v=1788158471,4,מדבקות Acne Pimple Master Patch של COSRX – תמונה 4,,,,
cosrx-acne-pimple-master-patch,,,,,,,,,,,,,,,,,,,,,,,,,https://cdn.shopify.com/s/files/1/0719/2628/4583/files/2517360_alt04.jpg?v=1788158470,5,מדבקות Acne Pimple Master Patch של COSRX – תמונה 5,,,,
cosrx-acne-pimple-master-patch,,,,,,,,,,,,,,,,,,,,,,,,,https://cdn.shopify.com/s/files/1/0719/2628/4583/files/2517360_alt06.jpg?v=1788158470,6,מדבקות Acne Pimple Master Patch של COSRX – תמונה 6,,,,
cosrx-acne-pimple-master-patch,,,,,,,,,,,,,,,,,,,,,,,,,https://cdn.shopify.com/s/files/1/0719/2628/4583/files/415tbGL-UkL.jpg?v=1788158471,7,מדבקות Acne Pimple Master Patch של COSRX – תמונה 7,,,,
cosrx-advanced-snail-mucin-glass-glow-hydrogel-mask,מסכת הידרוג׳ל Snail Mucin Glass Glow,"<div dir=""rtl"" style=""text-align:right;line-height:1.75;"">
<p><strong>מסכת הידרוג׳ל עם 25% מוצין חלזונות, קולגן במשקל מולקולרי נמוך ורכיבי לחות, למראה עור רווי, חלק וזוהר.</strong></p>
<h3>מה חשוב לדעת</h3>
<ul>
<li>25% Snail Secretion Filtrate ללחות והרגעה</li>
<li>מכילה קולגן, ניאצינאמיד, חומצה היאלורונית, סרמידים ופנתנול</li>
<li>מסייעת למראה גמיש וזוהר יותר</li>
<li>ניתן להשתמש בה גם כמסכת לילה לפי הוראות היצרן</li>
</ul>
<p><strong>כמות / גודל:</strong> 34 גרם × 3 מסכות</p>
<h3>איך משתמשים</h3>
<p>הסירי את שכבות ההגנה והניחי על עור נקי לאחר טונר וסרום. הסירי לאחר 2–3 שעות או כשהמסכה הופכת שקופה, וטפחי את שאריות האסנס.</p>
<p style=""font-size:0.92em;color:#666;""><strong>הערה:</strong> עיצוב האריזה עשוי להשתנות ללא הודעה מוקדמת.</p>
<h2>למי המוצר מתאים</h2>
<p>למי שמחפשת לחות וטיפוח של מראה המרקם באמצעות מוצין חלזונות, כחלק משגרה הדרגתית ומאוזנת.</p>
<h2>המקום שלו בשגרת K-Beauty</h2>
<p>משתמשים על עור נקי לפי הוראות האריזה, ואז ממשיכים בשלבי הלחות המתאימים. אין צורך לשלב כמה מסכות פעילות באותו ערב.</p>

<h2>שאלות נפוצות</h2>
<h3>באיזה שלב משתמשים במוצר?</h3>
<p>משתמשים על עור נקי לפי הוראות האריזה, ואז ממשיכים בשלבי הלחות המתאימים. אין צורך לשלב כמה מסכות פעילות באותו ערב.</p>
<h3>האם אפשר לשלב אותו בשגרה קיימת?</h3>
<p>כן. מומלץ להוסיף מוצר חדש אחד בכל פעם, לבצע בדיקת רגישות ולהתאים את תדירות השימוש לתחושת העור ולהוראות שעל האריזה.</p>
<p style=""font-size:0.92em;color:#666;"">זהו מוצר קוסמטי ואינו מיועד לאבחן או לטפל במצב רפואי. רשימת הרכיבים והוראות היצרן שעל האריזה הן הקובעות.</p>
</div>",COSRX,Skin Care Masks & Peels,Face Mask,"COSRX, K-Beauty, K-Beauty: Snail, Korean Beauty, Shopify Collective",TRUE,Title,Default Title,,,,,Shopify-8809598457058,227,shopify,0,deny,manual,39.90,,TRUE,TRUE,8809598457058,https://cdn.shopify.com/s/files/1/0719/2628/4583/files/cosrx-advanced-snail-mucin-glass-glow-hydrogel-mask-tiger-catalog.webp?v=1788179016,1,מסכת הידרוג׳ל Snail Mucin Glass Glow של COSRX,FALSE,מסכת הידרוג׳ל Snail Mucin Glass Glow | COSRX,"מסכת הידרוג׳ל עם 25% מוצין חלזונות, קולגן במשקל מולקולרי נמוך ורכיבי לחות, למראה עור רווי, חלק וזוהר. מחיר בישראל ומשלוח לכל הארץ.",active
cosrx-advanced-snail-mucin-glass-glow-hydrogel-mask,,,,,,,,,,,,,,,,,,,,,,,,,https://cdn.shopify.com/s/files/1/0719/2628/4583/files/71LgYBkzmZL._SL1500.jpg?v=1788158389,2,מסכת הידרוג׳ל Snail Mucin Glass Glow של COSRX – תמונה 2,,,,
cosrx-advanced-snail-mucin-glass-glow-hydrogel-mask,,,,,,,,,,,,,,,,,,,,,,,,,https://cdn.shopify.com/s/files/1/0719/2628/4583/files/71sZGX9cJYL._SL1500.jpg?v=1788158389,3,מסכת הידרוג׳ל Snail Mucin Glass Glow של COSRX – תמונה 3,,,,
cosrx-advanced-snail-mucin-glass-glow-hydrogel-mask,,,,,,,,,,,,,,,,,,,,,,,,,https://cdn.shopify.com/s/files/1/0719/2628/4583/files/71IlGjwQDvL._SL1500.jpg?v=1788158389,4,מסכת הידרוג׳ל Snail Mucin Glass Glow של COSRX – תמונה 4,,,,
cosrx-advanced-snail-mucin-glass-glow-hydrogel-mask,,,,,,,,,,,,,,,,,,,,,,,,,https://cdn.shopify.com/s/files/1/0719/2628/4583/files/71JRkI6QsRL._SL1500.jpg?v=1788158389,5,מסכת הידרוג׳ל Snail Mucin Glass Glow של COSRX – תמונה 5,,,,
cosrx-advanced-snail-mucin-glass-glow-hydrogel-mask,,,,,,,,,,,,,,,,,,,,,,,,,https://cdn.shopify.com/s/files/1/0719/2628/4583/files/71PdlSrnMYL._SL1500.jpg?v=1788158389,6,מסכת הידרוג׳ל Snail Mucin Glass Glow של COSRX – תמונה 6,,,,
cosrx-advanced-snail-92-all-in-one-cream,קרם Snail 92 All in One,"<div dir=""rtl"" style=""text-align:right;line-height:1.75;"">
<p><strong>קרם ג׳ל קליל עם 92% מוצין חלזונות, חומצה היאלורונית ובטאין, שנועד להעניק לחות ולתמוך במחסום הלחות של העור.</strong></p>
<h3>מה חשוב לדעת</h3>
<ul>
<li>92% Snail Mucin</li>
<li>מרקם ג׳ל קליל שאינו משאיר תחושה דביקה</li>
<li>מסייע לשמור על לחות ורכות</li>
<li>מתאים לשימוש יומיומי לאחר ניקוי וטונר</li>
</ul>
<p><strong>כמות / גודל:</strong> 100 גרם</p>
<h3>איך משתמשים</h3>
<p>לאחר ניקוי וטונר, מרחי כמות מתאימה על הפנים תוך הימנעות מאזור העיניים והפה, וטפחי בעדינות לספיגה.</p>
<p style=""font-size:0.92em;color:#666;""><strong>הערה:</strong> עיצוב האריזה עשוי להשתנות ללא הודעה מוקדמת.</p>
<h2>למי המוצר מתאים</h2>
<p>לעור שמרגיש יבש, מתוח או מיובש ולמי שמחפשת לחות נוחה שתשתלב בשגרה בלי להכביד.</p>
<h2>המקום שלו בשגרת K-Beauty</h2>
<p>אחרי טונר וסרום, כשלב הלחות האחרון בערב. בבוקר מסיימים מעליו עם קרם הגנה.</p>

<h2>שאלות נפוצות</h2>
<h3>באיזה שלב משתמשים במוצר?</h3>
<p>אחרי טונר וסרום, כשלב הלחות האחרון בערב. בבוקר מסיימים מעליו עם קרם הגנה.</p>
<h3>האם אפשר לשלב אותו בשגרה קיימת?</h3>
<p>כן. מומלץ להוסיף מוצר חדש אחד בכל פעם, לבצע בדיקת רגישות ולהתאים את תדירות השימוש לתחושת העור ולהוראות שעל האריזה.</p>
<p style=""font-size:0.92em;color:#666;"">זהו מוצר קוסמטי ואינו מיועד לאבחן או לטפל במצב רפואי. רשימת הרכיבים והוראות היצרן שעל האריזה הן הקובעות.</p>
</div>",COSRX,Skin Care,Moisturizer,"COSRX, K-Beauty, K-Beauty: Hydration, K-Beauty: Snail, Korean Beauty, Shopify Collective",TRUE,Title,Default Title,,,,,Shopify-8809416470016,227,shopify,0,deny,manual,79.90,,TRUE,TRUE,8809416470016,https://cdn.shopify.com/s/files/1/0719/2628/4583/files/cosrx-advanced-snail-92-all-in-one-cream-tiger-catalog.webp?v=1788179007,1,קרם Snail 92 All in One של COSRX,FALSE,קרם Snail 92 All in One | COSRX,"קרם ג׳ל קליל עם 92% מוצין חלזונות, חומצה היאלורונית ובטאין, שנועד להעניק לחות ולתמוך במחסום הלחות של העור. מחיר בישראל ומשלוח לכל הארץ.",active
cosrx-advanced-snail-92-all-in-one-cream,,,,,,,,,,,,,,,,,,,,,,,,,https://cdn.shopify.com/s/files/1/0719/2628/4583/files/0c9e9dfc546de415df5b0b9acff42d65_757x757_3a38795f-7687-4d5a-9245-0ca3a7f8a8c4.jpg?v=1788158476,2,קרם Snail 92 All in One של COSRX – תמונה 2,,,,
cosrx-advanced-snail-92-all-in-one-cream,,,,,,,,,,,,,,,,,,,,,,,,,https://cdn.shopify.com/s/files/1/0719/2628/4583/files/71AerT_iWPL._SL1500.jpg?v=1788158476,3,קרם Snail 92 All in One של COSRX – תמונה 3,,,,
cosrx-advanced-snail-92-all-in-one-cream,,,,,,,,,,,,,,,,,,,,,,,,,https://cdn.shopify.com/s/files/1/0719/2628/4583/files/d1da26e3cde618908ba27f15492005de_757x757_69d39645-97a4-4ed3-9222-8777db4c3eab.png?v=1788158476,4,קרם Snail 92 All in One של COSRX – תמונה 4,,,,
cosrx-advanced-snail-92-all-in-one-cream,,,,,,,,,,,,,,,,,,,,,,,,,https://cdn.shopify.com/s/files/1/0719/2628/4583/files/61A99eqKZjL._SL1000.jpg?v=1788158476,5,קרם Snail 92 All in One של COSRX – תמונה 5,,,,
cosrx-aloe-54-2-aqua-tone-up-sunscreen-spf50-pa,קרם הגנה Aloe 54.2 Aqua Tone-Up SPF50+ PA++++,"<div dir=""rtl"" style=""text-align:right;line-height:1.75;"">
<p><strong>קרם הגנה קליל עם SPF50+ PA++++ ו־54.2% אלוורה, שמעניק הגנה מהשמש לצד לחות ואפקט Tone-Up עדין.</strong></p>
<h3>מה חשוב לדעת</h3>
<ul>
<li>SPF50+ PA++++</li>
<li>54.2% אלוורה</li>
<li>מכיל גם חומצה היאלורונית, אלנטואין וניאצינאמיד</li>
<li>מרקם קליל ונוח לשימוש יומיומי</li>
</ul>
<p><strong>כמות / גודל:</strong> 50 מ״ל</p>
<h3>איך משתמשים</h3>
<p>מרחי כמות מתאימה כשלב האחרון בשגרת הבוקר. לפי הוראות היצרן יש לחדש את המריחה כל שעתיים להגנה מספקת.</p>
<p style=""font-size:0.92em;color:#666;""><strong>הערה:</strong> עיצוב האריזה עשוי להשתנות ללא הודעה מוקדמת.</p>
<h2>למי המוצר מתאים</h2>
<p>למי שמחפשת הגנה יומיומית מהשמש כחלק קבוע משגרת הבוקר, עם מרקם שנוח לשלב מעל טיפוח ומתחת לאיפור.</p>
<h2>המקום שלו בשגרת K-Beauty</h2>
<p>בשלב האחרון של שגרת הבוקר, אחרי קרם הלחות ולפני איפור. יש למרוח כמות נדיבה ולחדש לפי הוראות היצרן ובמהלך חשיפה לשמש.</p>

<h2>שאלות נפוצות</h2>
<h3>באיזה שלב משתמשים במוצר?</h3>
<p>בשלב האחרון של שגרת הבוקר, אחרי קרם הלחות ולפני איפור. יש למרוח כמות נדיבה ולחדש לפי הוראות היצרן ובמהלך חשיפה לשמש.</p>
<h3>האם אפשר לשלב אותו בשגרה קיימת?</h3>
<p>כן. מומלץ להוסיף מוצר חדש אחד בכל פעם, לבצע בדיקת רגישות ולהתאים את תדירות השימוש לתחושת העור ולהוראות שעל האריזה.</p>
<p style=""font-size:0.92em;color:#666;"">זהו מוצר קוסמטי ואינו מיועד לאבחן או לטפל במצב רפואי. רשימת הרכיבים והוראות היצרן שעל האריזה הן הקובעות.</p>
</div>",COSRX,Sunscreen,Sunscreen,"COSRX, K-Beauty, K-Beauty: Sun, Korean Beauty, Shopify Collective",TRUE,Title,Default Title,,,,,Shopify-8809598455405,113,shopify,0,deny,manual,79.90,,TRUE,TRUE,8809598455405,https://cdn.shopify.com/s/files/1/0719/2628/4583/files/cosrx-aloe-54-2-aqua-tone-up-sunscreen-spf50-pa-tiger-catalog.webp?v=1788179013,1,קרם הגנה Aloe 54.2 Aqua Tone-Up SPF50+ PA++++ של COSRX,FALSE,קרם הגנה Aloe 54.2 Aqua Tone-Up SPF50+ PA++++ | COSRX,"קרם הגנה קליל עם SPF50+ PA++++ ו־54.2% אלוורה, שמעניק הגנה מהשמש לצד לחות ואפקט Tone-Up עדין. מחיר בישראל ומשלוח לכל הארץ.",active
cosrx-aloe-54-2-aqua-tone-up-sunscreen-spf50-pa,,,,,,,,,,,,,,,,,,,,,,,,,https://cdn.shopify.com/s/files/1/0719/2628/4583/files/8809598455405.jpg?v=1788158471,2,קרם הגנה Aloe 54.2 של COSRX – תמונה 2,,,,
cosrx-aloe-54-2-aqua-tone-up-sunscreen-spf50-pa,,,,,,,,,,,,,,,,,,,,,,,,,https://cdn.shopify.com/s/files/1/0719/2628/4583/files/Cosrx-Aloe-54.2-Aqua-Tone-Up-Sunscreen-in-Wholesale.webp?v=1788158470,3,קרם הגנה Aloe 54.2 של COSRX – תמונה 3,,,,
cosrx-aloe-54-2-aqua-tone-up-sunscreen-spf50-pa,,,,,,,,,,,,,,,,,,,,,,,,,https://cdn.shopify.com/s/files/1/0719/2628/4583/files/cosrx-aloe-54.2-aqua-tone-up-sunscreen-1-600x591.jpg?v=1788158470,4,קרם הגנה Aloe 54.2 של COSRX – תמונה 4,,,,
cosrx-aloe-54-2-aqua-tone-up-sunscreen-spf50-pa,,,,,,,,,,,,,,,,,,,,,,,,,https://cdn.shopify.com/s/files/1/0719/2628/4583/files/COSRX-Aloe-54.2-Aqua-Tone-Up-Sunscreen-700x700.webp?v=1788158470,5,קרם הגנה Aloe 54.2 של COSRX – תמונה 5,,,,
anti-aging-tinted-moisturizer-sunscreen-broad-spectrum-spf-30-by-chica-beauty,קרם לחות ומקדם הגנה 30 - צ'יקה ביוטי,"<p><strong>SPF TINTED MOISTURIZER</strong></p>
<p><span data-mce-fragment=""1"">Feel YOUthful with our 3-in-1, Anti-Aging Moisturizer, Tint, and SPF! </span>Women on the Go are always looking for effective ways of multi-tasking to get more done throughout the day. Chica Beauty's SPF Tinted Moisturizer is the perfect solution to check off three beauty essentials with one easy to use product...saving you both time and money! </p>
<p> ✓ SPF 30 Sunscreen</p>
<p>✓ Tint (available in three shades to bring out your skin's own natural healthy glow)</p>
<p>✓ Anti-Aging Moisturizer</p>
<p> Our lightweight formula features the most effective ingredients to help fight the harmful effects of the sun and keep your skin looking young and natural. Antioxidants, Vitamins A &amp; E, Extracts of Pomegranate and White Tea work together to give your skin everything it needs to stay protected and look its best. Plus, it's paraben, phthalate, and oil free so you don't have to worry about harmful chemicals or heavy oils that can clog your pores.</p>
<p><strong> Why It's Special</strong></p>
<ul>
<li>Anti Aging Ingredients: Pomegranate and White Tea Extracts Plump Up Your Skin By Activating Your Natural Collagen and Reduce Signs of Stress and Aging</li>
<li>Applying It Is Like Giving Your Skin an Antioxidant Bath! </li>
<li>Provides Broad Spectrum SPF 30 Sunscreen Protection</li>
<li>3 Blendable Shades That Bring Out Your Natural Glow Instead of Cover Up Your Innate Beauty</li>
<li>PARABEN, PHTHALATE, and OIL FREE</li>
<li>VEGAN</li>
</ul>
<p> Ingredient Details: </p>
<p> Vitamin A - Works to Diminish Fine Lines, Protects Collagen, and Reduces Breakouts</p>
<ul>
<li>Vitamin E – A Natural Emollient That Improves Skin Texture and Prevents a Dull, Dry Appearance</li>
<li>Pomegranate Extract – Known to Revive Tired Skin and Impart a Natural Glow, Treats Pigmentation, and Prevents Fine Lines</li>
<li>White Tea Extract – Helps Fight Sun Damage, Improve Firmness, and Sooth Sensitive Skin</li>
</ul>
<p> <strong class=""strroonngg""><iframe title=""YouTube video player"" src=""https://www.youtube.com/embed/SAjZlDlI8z0?autoplay=1&amp;mute=1&amp;controls=0"" height=""315"" width=""560"" allowfullscreen="""" allow=""autoplay"" frameborder=""0""></iframe></strong></p>
<style type=""text/css""><!--
/*
.shopify-payment-button__button--unbranded {
    background-color: #dc97ad;
}
.shopify-payment-button__button {
    font-size: 23px;
    font-weight: 700;
}
.shopify-payment-button__button--unbranded:hover:not([disabled]) {
    background-color: #000;
}
*/


@media only screen and (max-width: 600px) {
.strroonngg iframe{
text-align: center;
width:98%;
height:auto;
}
}
@media only screen and (min-width: 600px) {
.strroonngg iframe {
width:380px;
height:190px;
}
.strroonngg {
margin-left: 20px;
}
}

#more {display: none;}
#btn_readmore {
	font-size: 14px;
	margin-bottom: 10px;
}
.product-page--pricing { margin-bottom: 10px; margin-top: 15px;}
--></style>",Chica Beauty,Uncategorized,PRODUCT,"Chica Beauty, Shopify Collective",FALSE,Color,Light,,,,,100012,48,shopify,0,deny,manual,91.70,0.00,TRUE,TRUE,850035277027,https://cdn.shopify.com/s/files/1/0719/2628/4583/files/TM-swirls.jpg?v=1770414292,1,,FALSE,,,draft
anti-aging-tinted-moisturizer-sunscreen-broad-spectrum-spf-30-by-chica-beauty,,,,,,,,Color,Medium,,,,,100013,48,shopify,0,deny,manual,91.70,0.00,TRUE,TRUE,850035277034,https://cdn.shopify.com/s/files/1/0719/2628/4583/files/TM-ShadeSelection.jpg?v=1770414292,2,,,,,
anti-aging-tinted-moisturizer-sunscreen-broad-spectrum-spf-30-by-chica-beauty,,,,,,,,Color,Deep,,,,,100014,48,shopify,0,deny,manual,91.70,0.00,TRUE,TRUE,850035277041,https://cdn.shopify.com/s/files/1/0719/2628/4583/files/Light_cf267397-1cf6-4e4e-a98d-c6d93c897244.jpg?v=1770414292,3,,,,,
anti-aging-tinted-moisturizer-sunscreen-broad-spectrum-spf-30-by-chica-beauty,,,,,,,,,,,,,,,,,,,,,,,,,https://cdn.shopify.com/s/files/1/0719/2628/4583/files/Medium_b39c3fb1-e66c-4079-8a57-f36138ec0610.jpg?v=1770414292,4,,,,,
anti-aging-tinted-moisturizer-sunscreen-broad-spectrum-spf-30-by-chica-beauty,,,,,,,,,,,,,,,,,,,,,,,,,https://cdn.shopify.com/s/files/1/0719/2628/4583/files/Deep_2dc844a6-d198-4f54-8253-438c58f1a02c.jpg?v=1770414292,5,,,,,
anti-aging-tinted-moisturizer-sunscreen-broad-spectrum-spf-30-by-chica-beauty,,,,,,,,,,,,,,,,,,,,,,,,,https://cdn.shopify.com/s/files/1/0719/2628/4583/files/TMBenefits.jpg?v=1770414292,6,,,,,
anti-aging-tinted-moisturizer-sunscreen-broad-spectrum-spf-30-by-chica-beauty,,,,,,,,,,,,,,,,,,,,,,,,,https://cdn.shopify.com/s/files/1/0719/2628/4583/files/Light_a7d6726d-e61c-4eb0-9ba1-285735163fa2.jpg?v=1770414292,7,,,,,
anti-aging-tinted-moisturizer-sunscreen-broad-spectrum-spf-30-by-chica-beauty,,,,,,,,,,,,,,,,,,,,,,,,,https://cdn.shopify.com/s/files/1/0719/2628/4583/files/Medium_ad1f77f9-e6bd-446e-99f9-cfdbcb3a5c84.jpg?v=1770414292,8,,,,,
anti-aging-tinted-moisturizer-sunscreen-broad-spectrum-spf-30-by-chica-beauty,,,,,,,,,,,,,,,,,,,,,,,,,https://cdn.shopify.com/s/files/1/0719/2628/4583/files/Deep_3d3281bd-e34b-424a-8373-1a57a15cc6a7.jpg?v=1770414292,9,,,,,
anti-aging-tinted-moisturizer-sunscreen-broad-spectrum-spf-30-by-chica-beauty,,,,,,,,,,,,,,,,,,,,,,,,,https://cdn.shopify.com/s/files/1/0719/2628/4583/files/TMCloseUp.jpg?v=1770414292,10,,,,,
dr-althea-147-barrier-cream,קרם 147 Barrier,"<div dir=""rtl"" style=""text-align:right;line-height:1.75;"">
<p><strong>קרם לחות עשיר בגוון כחול-פסטל טבעי מהפורמולה, עם חומצה היאלורונית, Azulene ותמציות צמחיות, לטיפוח מחסום הלחות והרגעת תחושת עור רגיש.</strong></p>
<h3>מה חשוב לדעת</h3>
<ul>
<li>Hydrolyzed Hyaluronic Acid + Hyaluronic Acid</li>
<li>Azulene מעניק לקרם את הגוון הכחלחל</li>
<li>מכיל תמציות Eclipta Prostrata, תאנה ואלוורה</li>
<li>מרקם עשיר המיועד ללחות והרגעה</li>
</ul>
<p><strong>כמות / גודל:</strong> 50 מ״ל</p>
<h3>איך משתמשים</h3>
<p>לאחר סרום, מרחי כמות מתאימה של הקרם על הפנים.</p>
<p style=""font-size:0.92em;color:#666;""><strong>הערה:</strong> עיצוב האריזה עשוי להשתנות ללא הודעה מוקדמת.</p>
<h2>למי המוצר מתאים</h2>
<p>לעור שמרגיש יבש, מתוח או מיובש ולמי שמחפשת לחות נוחה שתשתלב בשגרה בלי להכביד.</p>
<h2>המקום שלו בשגרת K-Beauty</h2>
<p>אחרי טונר וסרום, כשלב הלחות האחרון בערב. בבוקר מסיימים מעליו עם קרם הגנה.</p>

<h2>שאלות נפוצות</h2>
<h3>באיזה שלב משתמשים במוצר?</h3>
<p>אחרי טונר וסרום, כשלב הלחות האחרון בערב. בבוקר מסיימים מעליו עם קרם הגנה.</p>
<h3>האם אפשר לשלב אותו בשגרה קיימת?</h3>
<p>כן. מומלץ להוסיף מוצר חדש אחד בכל פעם, לבצע בדיקת רגישות ולהתאים את תדירות השימוש לתחושת העור ולהוראות שעל האריזה.</p>
<p style=""font-size:0.92em;color:#666;"">זהו מוצר קוסמטי ואינו מיועד לאבחן או לטפל במצב רפואי. רשימת הרכיבים והוראות היצרן שעל האריזה הן הקובעות.</p>
</div>",Dr. Althea,Skin Care,Moisturizer,"Dr. Althea, K-Beauty, K-Beauty: Hydration, Korean Beauty, Shopify Collective",TRUE,Title,Default Title,,,,,Shopify-8809447251363,113,shopify,0,deny,manual,109.90,,TRUE,TRUE,8809447251363,https://cdn.shopify.com/s/files/1/0719/2628/4583/files/dr-althea-147-barrier-cream-tiger-catalog.webp?v=1788178949,1,קרם 147 Barrier של Dr. Althea,FALSE,קרם 147 Barrier | Dr. Althea,"קרם Dr. Althea 147 Barrier עם חומצה היאלורונית, Azulene ותמציות צמחיות, לטיפוח מחסום הלחות ותחושת עור רגוע. מחיר בישראל ומשלוח לכל הארץ.",active
dr-althea-147-barrier-cream,,,,,,,,,,,,,,,,,,,,,,,,,https://cdn.shopify.com/s/files/1/0719/2628/4583/files/51xvcGF9mhL._SL1080.jpg?v=1788159652,2,קרם 147 Barrier של Dr. Althea – תמונה 2,,,,
dr-althea-147-barrier-cream,,,,,,,,,,,,,,,,,,,,,,,,,https://cdn.shopify.com/s/files/1/0719/2628/4583/files/61jmDkAd0UL._SL1080.jpg?v=1788159651,3,קרם 147 Barrier של Dr. Althea – תמונה 3,,,,
dr-althea-147-barrier-cream,,,,,,,,,,,,,,,,,,,,,,,,,https://cdn.shopify.com/s/files/1/0719/2628/4583/files/61CGshQb68L._SL1080.jpg?v=1788159652,4,קרם 147 Barrier של Dr. Althea – תמונה 4,,,,
dr-althea-147-barrier-cream,,,,,,,,,,,,,,,,,,,,,,,,,https://cdn.shopify.com/s/files/1/0719/2628/4583/files/61PKT2zneqL._SL1080.jpg?v=1788159651,5,קרם 147 Barrier של Dr. Althea – תמונה 5,,,,
dr-althea-147-barrier-cream,,,,,,,,,,,,,,,,,,,,,,,,,https://cdn.shopify.com/s/files/1/0719/2628/4583/files/61TN1y2ibxL._SL1080.jpg?v=1788159652,6,קרם 147 Barrier של Dr. Althea – תמונה 6,,,,
dr-althea-147-barrier-cream,,,,,,,,,,,,,,,,,,,,,,,,,https://cdn.shopify.com/s/files/1/0719/2628/4583/files/61h9yeEr2vL._SL1080.jpg?v=1788159651,7,קרם 147 Barrier של Dr. Althea – תמונה 7,,,,
dr-althea-147-barrier-cream,,,,,,,,,,,,,,,,,,,,,,,,,https://cdn.shopify.com/s/files/1/0719/2628/4583/files/61G1qckJqLL._SL1080.jpg?v=1788159651,8,קרם 147 Barrier של Dr. Althea – תמונה 8,,,,
dr-althea-345-relief-cream,קרם 345 Relief,"<div dir=""rtl"" style=""text-align:right;line-height:1.75;"">
<p><strong>קרם ג׳ל קוריאני קליל לשגרת לחות והרגעה, עם ניאצינאמיד וסרמיד NP. מתאים למי שמחפשת קרם יומיומי שאינו מרגיש כבד, כולל עור רגיש או עור הנוטה לפצעונים.</strong></p>
<h2>למה הוא נכנס לשגרה</h2>
<ul>
<li>מרקם ג׳ל-קרם קליל שמתאים לשימוש יומיומי</li>
<li>ניאצינאמיד למראה אחיד ובהיר יותר</li>
<li>סרמיד NP לתמיכה במחסום הלחות של העור</li>
<li>נבדק כלא-קומדוגני ומתאים לשגרה של עור הנוטה לפצעונים</li>
</ul>
<h2>למי הוא מתאים</h2>
<p>לעור רגיל, מעורב, רגיש או כזה שמרגיש מיובש וזקוק לשילוב של לחות והרגעה בלי שכבה כבדה.</p>
<h2>איך משתמשים</h2>
<p>מורחים כמות מתונה אחרי סרום, בבוקר או בערב, ומעסים בעדינות עד לספיגה. בבוקר מסיימים בקרם הגנה.</p>
<h2>גדלים זמינים</h2>
<p>15 מ״ל להתנסות או לנסיעות, ו-50 מ״ל לשגרה מלאה. המחיר מתעדכן לפי הגודל שנבחר.</p>
<h2>שאלות נפוצות</h2>
<h3>האם אפשר להשתמש בו בכל יום?</h3>
<p>כן. המרקם מיועד לשימוש יומיומי ויכול להשתלב בשגרת בוקר או ערב.</p>
<h3>באיזה שלב משתמשים?</h3>
<p>אחרי טונר וסרום ולפני קרם הגנה בבוקר. בערב הוא יכול להיות שלב הלחות האחרון.</p>
<p style=""font-size:0.92em;color:#666;"">זהו מוצר קוסמטי ואינו מיועד לאבחן או לטפל במצב רפואי. מומלץ לבצע בדיקת רגישות לפני שימוש ראשון. רשימת הרכיבים שעל האריזה היא הקובעת.</p>
</div>",Dr. Althea,Skin Care,Moisturizer,"Dr. Althea, K-Beauty, K-Beauty: Hydration, Korean Beauty, Shopify Collective",TRUE,Size,50mL,,,,,Shopify-8809447251394,113,shopify,0,deny,manual,109.90,,TRUE,TRUE,8809447251394,https://cdn.shopify.com/s/files/1/0719/2628/4583/files/dr-althea-345-relief-cream-tiger-catalog.webp?v=1788178637,1,קרם 345 Relief של Dr. Althea,FALSE,קרם 345 Relief | Dr. Althea,"קרם ג׳ל קוריאני קליל עם ניאצינאמיד וסרמיד NP לשגרת לחות והרגעה. לבחירה בגודל 15 או 50 מ״ל, עם מחיר מקומי ומשלוח בישראל.",active
dr-althea-345-relief-cream,,,,,,,,Size,15mL,,,,,Shopify-8809447256429,113,shopify,0,deny,manual,44.90,,TRUE,TRUE,8809447256429,https://cdn.shopify.com/s/files/1/0719/2628/4583/files/51ANDu4OdpL._SL1080.jpg?v=1788159458,2,קרם 345 Relief של Dr. Althea – תמונה 2,,,,
dr-althea-345-relief-cream,,,,,,,,,,,,,,,,,,,,,,,,,https://cdn.shopify.com/s/files/1/0719/2628/4583/files/61PwQY_kcML._SL1080.jpg?v=1788159458,3,קרם 345 Relief של Dr. Althea – תמונה 3,,,,
dr-althea-345-relief-cream,,,,,,,,,,,,,,,,,,,,,,,,,https://cdn.shopify.com/s/files/1/0719/2628/4583/files/611ozYoOMfL._SL1080.jpg?v=1788159458,4,קרם 345 Relief של Dr. Althea – תמונה 4,,,,
dr-althea-345-relief-cream,,,,,,,,,,,,,,,,,,,,,,,,,https://cdn.shopify.com/s/files/1/0719/2628/4583/files/61kIoViyvRL._SL1080.jpg?v=1788159458,5,קרם 345 Relief של Dr. Althea – תמונה 5,,,,
dr-althea-345-relief-cream,,,,,,,,,,,,,,,,,,,,,,,,,https://cdn.shopify.com/s/files/1/0719/2628/4583/files/51n7tf8UUiL._SL1080.jpg?v=1788159458,6,קרם 345 Relief של Dr. Althea – תמונה 6,,,,
blue-crystalline-face-serum-15ml-elles-2023-first-class-beauty-best-serum-winner,סרום פנים קריסטלי כחול — זוכה פרס ELLE — Earth & Halo,"
<div style=""direction: rtl; text-align: right; font-family: -apple-system, BlinkMacSystemFont, 'Segoe UI', Roboto, sans-serif; line-height: 1.7; color: #1e293b;"">

  <h2 style=""font-size: 1.35rem; font-weight: 800; color: #0f172a; margin-bottom: 12px; line-height: 1.4;"">
    זוכה פרס 'Best Serum' של מגזין ELLE: הסרום הקריסטלי הכחול שמחליף 4 מוצרי טיפוח בצעד אחד
  </h2>

  <p style=""font-size: 1.05rem; margin-bottom: 16px;"">
    כמה שלבים יש בשגרת הטיפוח שלך? סרום ויטמין C, סרום חומצה היאלורונית, קרם נגד קמטים, וסרום הרגעה? כשאת מעמיסה שכבה על גבי שכבה, העור שלך נסתם, הפורמולות מנטרלות זו את זו, והתוצאה היא גירוי ובזבוז כסף.
  </p>

  <p style=""font-size: 1.05rem; margin-bottom: 16px;"">
    <strong>Blue Crystalline מבית Earth &amp; Halo</strong> נבחר לסרום הטוב ביותר לשנת 2023 על ידי עורכי הביוטי של מגזין ELLE הבינלאומי (First Class Beauty Award). הפורמולה פותחה מתוך גישה אחת פשוטה: להעניק מקסימום תוצאות אנטי-אייג'ינג והבהרה במוצר יחיד ומרוכז במיוחד.
  </p>

  <div style=""background: #f8fafc; border-right: 4px solid #0f172a; padding: 14px 18px; margin: 20px 0; border-radius: 4px;"">
    <h3 style=""font-size: 1.1rem; font-weight: 700; color: #0f172a; margin: 0 0 6px 0;"">טכנולוגיית Micro-Emulsion — חדירה עמוקה פי 5:</h3>
    <p style=""margin: 0 0 8px 0;"">
      בזכות פטנט המיקרו-אמולסיה, מולקולות הסרום זעירות מספיק כדי לחדור מעבר לשכבת העור העליונה ישירות לשכבות העמוקות שבהן מיוצר הקולגן.
    </p>
    <ul style=""margin: 8px 0 0 0; padding-right: 20px;"">
      <li style=""margin-bottom: 6px;"">
<strong>תמצית פרח האדלווייס (Edelweiss):</strong> נוגד חמצון עוצמתי שמכיל 43% יותר כוח נוגד חמצון מרטינול, ללא תופעות הלוואי של יובש וקילופים.</li>
      <li style=""margin-bottom: 6px;"">
<strong>אינדיגו יפני ושושנת מים לבנה:</strong> מעניקים לסרום את הגוון הכחול-קריסטלי הטבעי שלו, מרגיעים דלקתיות, ומכווצים מראה נקבוביות פעורות.</li>
      <li style=""margin-bottom: 6px;"">
<strong>חומצה טרנאקסמית (Tranexamic Acid):</strong> מפרקת היפר-פיגמנטציה וכתמי גיל עמוקים ומאחדת את טון הפנים.</li>
      <li>
<strong>ענבי ים וקריטמום ימי (Sea Grape &amp; Rock Samphire):</strong> ממריצים את ייצור הקולגן והאלסטין למיצוק קווי המתאר של הפנים.</li>
    </ul>
  </div>

  <h3 style=""font-size: 1.15rem; font-weight: 700; color: #0f172a; margin: 22px 0 10px 0;"">למי הפורמולה הזו מיועדת?</h3>
  <ul style=""padding-right: 20px; margin-bottom: 18px;"">
    <li>למי שרוצה לצמצם שגרת טיפוח מסורבלת למוצר אחד איכותי ועוצמתי.</li>
    <li>למי שמתמודדת עם סימני גיל ראשונים או מתקדמים, קמטוטים ואיבוד מוצקות.</li>
    <li>לעור שסובל מחוסר אחידות בגוון, כתמים ונטייה לאדמומיות או שמנוניות יתר.</li>
  </ul>

  <h3 style=""font-size: 1.15rem; font-weight: 700; color: #0f172a; margin: 22px 0 10px 0;"">הוראות שימוש:</h3>
  <p style=""margin-bottom: 12px;"">
    טפטפי 3–4 טיפות על עור פנים וצוואר נקיים בבוקר ובערב. עסו בעדינות בתנועות כלפי מעלה עד לספיגה מלאה. הפורמולה נספגת מיידית ומהווה בסיס מושלם לאיפור או לקרם לילה.
  </p>

  <p style=""font-size: 0.95rem; color: #475569; border-top: 1px solid #e2e8f0; padding-top: 14px; margin-top: 24px;"">
    <strong>תכולה:</strong> 15 מ""ל מרוכזים | 100% טבעוני | Cruelty-Free | ללא פרבנים, סולפטים וסיליקונים.
  </p>
</div>
",Earthhaloskincare,Skin Care,Face Serum,"Earthhaloskincare, Shopify Collective",FALSE,Title,Default Title,,,,,BCFS15,74,shopify,0,deny,manual,177.29,,TRUE,TRUE,860008419200,https://cdn.shopify.com/s/files/1/0719/2628/4583/files/Blue-crystalline15ml.jpg?v=1770413976,1,,FALSE,,,draft
blue-crystalline-face-serum-15ml-elles-2023-first-class-beauty-best-serum-winner,,,,,,,,,,,,,,,,,,,,,,,,,https://cdn.shopify.com/s/files/1/0719/2628/4583/files/Photo05_1500.jpg?v=1770413976,2,,,,,
superactive-serum,סרום סופר-אקטיבי לשיקום העור — Glimin,"
<div style=""direction: rtl; text-align: right; font-family: -apple-system, BlinkMacSystemFont, 'Segoe UI', Roboto, sans-serif; line-height: 1.7; color: #1e293b;"">

  <h2 style=""font-size: 1.35rem; font-weight: 800; color: #0f172a; margin-bottom: 12px; line-height: 1.4;"">
    הקומפלקס המשקם של גלימין: 15% ויטמין C, באקוצ'יול ופפטידים להחזרת האלסטיות והזוהר לעור הפנים
  </h2>

  <p style=""font-size: 1.05rem; margin-bottom: 16px;"">
    עם השנים והחשיפה לשמש הישראלית, מחסום העור (Skin Barrier) נחלש: קצב חידוש התאים מואט, העור מאבד את הברק הטבעי, ומופיעים קמטוטים וכתמים קטנים. מריחה של קרם לחות בסיסי פשוט כבר לא מספיקה.
  </p>

  <p style=""font-size: 1.05rem; margin-bottom: 16px;"">
    <strong>סרום Superactive של Glimin</strong> הוא סרום טיפולי מרוכז ברמה מקצועית, שתוכנן לתקן נזקי שמש, להמריץ ייצור קולגן ולשקם את מרקם העור מבלי לגרום ליובש או קילופים.
  </p>

  <div style=""background: #f8fafc; border-right: 4px solid #0f172a; padding: 14px 18px; margin: 20px 0; border-radius: 4px;"">
    <h3 style=""font-size: 1.1rem; font-weight: 700; color: #0f172a; margin: 0 0 6px 0;"">הרכב פעיל בריכוז קליני:</h3>
    <ul style=""margin: 8px 0 0 0; padding-right: 20px;"">
      <li style=""margin-bottom: 6px;"">
<strong>15% ויטמין C יציב:</strong> מבהיר כתמי שמש, מעניק אפקט זוהר מיידי ומגן מפני רדיקלים חופשיים ונזקי זיהום אוויר.</li>
      <li style=""margin-bottom: 6px;"">
<strong>באקוצ'יול (Bakuchiol):</strong> החלופה הטבעית והבטוחה לרטינול. ממריץ חידוש תאי עור ומעדן קמטים ללא אדמומיות, גירויים או רגישות לשמש.</li>
      <li style=""margin-bottom: 6px;"">
<strong>פפטיד חומצה טרנאקסמית (Tranexamic Peptide):</strong> מונע היווצרות פיגמנטציה חדשה ומאחד את גוון העור.</li>
      <li style=""margin-bottom: 6px;"">
<strong>4% ניאצינמיד (ויטמין B3):</strong> מחזק את מחסום ההגנה הטבעי של העור, מכווץ נקבוביות ומשפר את מרקם הפנים.</li>
      <li>
<strong>חומצה היאלורונית ותמצית כורכום:</strong> נועלות לחות עמוקה ומרגיעות דלקתיות ואדמומיות.</li>
    </ul>
  </div>

  <h3 style=""font-size: 1.15rem; font-weight: 700; color: #0f172a; margin: 22px 0 10px 0;"">למה תוכלי לצפות בשימוש יומיומי?</h3>
  <ul style=""padding-right: 20px; margin-bottom: 18px;"">
    <li>החזרת המוצקות והגמישות לאזורי הלחיים, קו הלסת והצוואר.</li>
    <li>גוון עור אחיד, חלק ורווי לחות שנראה רענן ומלא חיים גם בלי איפור.</li>
    <li>מריחה קלה וספיגה מהירה ללא תחושת שמנוניות.</li>
  </ul>

  <h3 style=""font-size: 1.15rem; font-weight: 700; color: #0f172a; margin: 22px 0 10px 0;"">אופן השימוש:</h3>
  <p style=""margin-bottom: 12px;"">
    מרחי מדי בוקר וערב 3–5 טיפות על עור פנים נקי ויבש, לפני קרם הלחות. עסו בתנועות סיבוביות עדינות עד לספיגה מלאה.
  </p>

  <p style=""font-size: 0.95rem; color: #475569; border-top: 1px solid #e2e8f0; padding-top: 14px; margin-top: 24px;"">
    <strong>תכולה:</strong> 30 מ""ל | מתאים לכל סוגי העור | נבדק דרמטולוגית | ללא פראבנים.
  </p>
</div>
",Gleamin,Face Serums,Face Serum,"Gleamin, Shopify Collective",FALSE,Title,Default Title,,,,,VC-FA-SERUM-1,167,shopify,0,deny,manual,88.64,128.38,TRUE,TRUE,850019262766,https://cdn.shopify.com/s/files/1/0719/2628/4583/files/product-placeholder-02.png?v=1770414642,1,,FALSE,,,draft
superactive-serum,,,,,,,,,,,,,,,,,,,,,,,,,https://cdn.shopify.com/s/files/1/0719/2628/4583/files/Superactive_Serum_Image_8.webp?v=1770414641,2,,,,,
superactive-serum,,,,,,,,,,,,,,,,,,,,,,,,,https://cdn.shopify.com/s/files/1/0719/2628/4583/files/Superactive_Serum_Image_5_option2.webp?v=1770414642,3,,,,,
superactive-serum,,,,,,,,,,,,,,,,,,,,,,,,,https://cdn.shopify.com/s/files/1/0719/2628/4583/files/Superactive_Serum_Image_2.webp?v=1770414641,4,,,,,
superactive-serum,,,,,,,,,,,,,,,,,,,,,,,,,https://cdn.shopify.com/s/files/1/0719/2628/4583/files/Superactive_Serum_Image_3_1.webp?v=1770414642,5,,,,,
superactive-serum,,,,,,,,,,,,,,,,,,,,,,,,,https://cdn.shopify.com/s/files/1/0719/2628/4583/files/Superactive_Serum_Image_9_option1.webp?v=1770414642,6,,,,,
superactive-serum,,,,,,,,,,,,,,,,,,,,,,,,,https://cdn.shopify.com/s/files/1/0719/2628/4583/files/SerumSwatch.jpg?v=1770414642,7,,,,,
superactive-serum,,,,,,,,,,,,,,,,,,,,,,,,,https://cdn.shopify.com/s/files/1/0719/2628/4583/files/Superactive_Serum_Image_4.webp?v=1770414642,8,,,,,
superactive-serum,,,,,,,,,,,,,,,,,,,,,,,,,https://cdn.shopify.com/s/files/1/0719/2628/4583/files/Superactive_Serum_Image_6.webp?v=1770414642,9,,,,,
superactive-serum,,,,,,,,,,,,,,,,,,,,,,,,,https://cdn.shopify.com/s/files/1/0719/2628/4583/files/Superactive.webp?v=1770414642,10,,,,,
superactive-serum,,,,,,,,,,,,,,,,,,,,,,,,,https://cdn.shopify.com/s/files/1/0719/2628/4583/files/Superactive_Serum_Image_7_1.webp?v=1770414642,11,,,,,
superactive-serum,,,,,,,,,,,,,,,,,,,,,,,,,https://cdn.shopify.com/s/files/1/0719/2628/4583/files/Superactive_Serum_Image_9_option2.webp?v=1770414642,12,,,,,
goodal-green-tangerine-vitamin-c-dark-spot-serum-alpha,סרום ויטמין C Green Tangerine Dark Spot Serum Alpha,"<div dir=""rtl"" style=""text-align:right;line-height:1.75;"">
<p><strong>הגרסה המחודשת של סרום Green Tangerine Vitamin C, עם רכיבי ויטמין C ונוגדי חמצון לטיפוח מראה כתמים, מרקם וגוון עור אחיד וזוהר יותר.</strong></p>
<h3>מה חשוב לדעת</h3>
<ul>
<li>Green Tangerine Exosome</li>
<li>מכיל ניאצינאמיד, גלוטתיון, Ubiquinone ו־Thioctic Acid</li>
<li>מרקם ג׳ל רענן שנספג במהירות</li>
<li>מתאים גם לעור רגיש לפי נתוני היצרן</li>
</ul>
<p><strong>כמות / גודל:</strong> 40 מ״ל</p>
<h3>איך משתמשים</h3>
<p>לאחר ניקוי וטונר, מרחי כמות מתונה על הפנים וטפחי בעדינות עד לספיגה.</p>
<p style=""font-size:0.92em;color:#666;""><strong>הערה:</strong> עיצוב האריזה עשוי להשתנות ללא הודעה מוקדמת.</p>
<h2>למי המוצר מתאים</h2>
<p>לעור שנראה עמום או לא אחיד ולמי שרוצה להוסיף לשגרה שלב ממוקד לזוהר, לחות ומראה רענן יותר.</p>
<h2>המקום שלו בשגרת K-Beauty</h2>
<p>אחרי ניקוי וטונר ולפני קרם לחות. מתחילים בכמות קטנה ומאפשרים למוצר להיספג לפני השלב הבא.</p>
<p><strong>טיפ קטן:</strong> אם זו הפעם הראשונה שלך עם רכיבים פעילים, התחילי בהדרגה ואל תעמיסי כמה מוצרים פעילים חדשים באותו ערב.</p>
<h2>שאלות נפוצות</h2>
<h3>באיזה שלב משתמשים במוצר?</h3>
<p>אחרי ניקוי וטונר ולפני קרם לחות. מתחילים בכמות קטנה ומאפשרים למוצר להיספג לפני השלב הבא.</p>
<h3>האם אפשר לשלב אותו בשגרה קיימת?</h3>
<p>כן. מומלץ להוסיף מוצר חדש אחד בכל פעם, לבצע בדיקת רגישות ולהתאים את תדירות השימוש לתחושת העור ולהוראות שעל האריזה.</p>
<p style=""font-size:0.92em;color:#666;"">זהו מוצר קוסמטי ואינו מיועד לאבחן או לטפל במצב רפואי. רשימת הרכיבים והוראות היצרן שעל האריזה הן הקובעות.</p>
</div>",Goodal,Skin Care,Serum,"Goodal, K-Beauty, K-Beauty: Glow, Korean Beauty, Shopify Collective",TRUE,Title,Default Title,,,,,Shopify-8809828412024,227,shopify,0,deny,manual,99.90,,TRUE,TRUE,8800290367959,https://cdn.shopify.com/s/files/1/0719/2628/4583/files/goodal-green-tangerine-vitamin-c-dark-spot-serum-alpha-tiger-catalog.webp?v=1788178961,1,סרום ויטמין C Green Tangerine Dark Spot Serum Alpha של Goodal,FALSE,סרום ויטמין C Green Tangerine | Goodal,"סרום ויטמין C Goodal Green Tangerine עם רכיבי ויטמין C ונוגדי חמצון לטיפוח מראה כתמים, מרקם וגוון אחיד. מחיר בישראל ומשלוח לכל הארץ.",active
goodal-green-tangerine-vitamin-c-dark-spot-serum-alpha,,,,,,,,,,,,,,,,,,,,,,,,,https://cdn.shopify.com/s/files/1/0719/2628/4583/files/71JDvqpgCgL._SL1500.jpg?v=1788159561,2,סרום Green Tangerine של Goodal – תמונה 2,,,,
goodal-green-tangerine-vitamin-c-dark-spot-serum-alpha,,,,,,,,,,,,,,,,,,,,,,,,,https://cdn.shopify.com/s/files/1/0719/2628/4583/files/71gOBsr_JCL._SL1500.jpg?v=1788159561,3,סרום Green Tangerine של Goodal – תמונה 3,,,,
goodal-green-tangerine-vitamin-c-dark-spot-serum-alpha,,,,,,,,,,,,,,,,,,,,,,,,,https://cdn.shopify.com/s/files/1/0719/2628/4583/files/81Bn_3Fla8L._SL1500.jpg?v=1788159561,4,סרום Green Tangerine של Goodal – תמונה 4,,,,
goodal-green-tangerine-vitamin-c-dark-spot-serum-alpha,,,,,,,,,,,,,,,,,,,,,,,,,https://cdn.shopify.com/s/files/1/0719/2628/4583/files/81vB0Eo1QsL._SL1500.jpg?v=1788159561,5,סרום Green Tangerine של Goodal – תמונה 5,,,,
goodal-green-tangerine-vitamin-c-dark-spot-serum-alpha,,,,,,,,,,,,,,,,,,,,,,,,,https://cdn.shopify.com/s/files/1/0719/2628/4583/files/91JBeL4mtOL._SL1500.jpg?v=1788159561,6,סרום Green Tangerine של Goodal – תמונה 6,,,,
skin-memory-serum,סרום Skin Memory — IDEO Skincare,"<div dir=""rtl"" style=""text-align:right;direction:rtl;line-height:1.7"">
<p><strong>Skin Memory Serum של IDEO הוא סרום פנים לשגרת טיפוח בוקר וערב, עם דגש על לחות, גמישות ומראה עור רענן.</strong></p>
<p>הסרום מיועד להשתלב לפני קרם לחות כחלק משגרת טיפוח עקבית. במקום להבטיח ""חידוש זיכרון תאי"" או טיפול במספר קבוע של סימני גיל, נכון יותר להתייחס אליו כמוצר קוסמטי שמטרתו לתמוך במראה ובתחושה של העור.</p>
<h3>מה אפשר לצפות משימוש קוסמטי?</h3>
<ul>
<li>תוספת לחות וטיפוח לשגרת היום או הערב.</li>
<li>מראה עור רך, חלק ורענן יותר כחלק משגרה עקבית.</li>
<li>מרקם סרום שקל לשלב לפני קרם לחות.</li>
</ul>
<h3>איך משתמשים?</h3>
<p>מרחי כמות קטנה על עור נקי בהתאם להוראות שעל האריזה, ולאחר מכן המשיכי עם קרם לחות. בבוקר השלימי עם מקדם הגנה.</p>
<p>התוצאה הקוסמטית משתנה בין משתמשות; הסרום אינו טיפול רפואי בקמטים או במחלות עור.</p>
</div>",IDEO Skincare,Anti-Aging Skin Care,,"IDEO Skincare, Shopify Collective",TRUE,Size,30ml,,,,,ID001SF,136,shopify,0,deny,manual,399.00,449.00,TRUE,TRUE,860006389703,https://cdn.shopify.com/s/files/1/0719/2628/4583/files/Screenshot2026-01-27at12.55.48.png?v=1770414675,1,סרום Skin Memory של IDEO Skincare לפנים,FALSE,סרום Skin Memory של IDEO | לחות וטיפוח לפנים,"Skin Memory Serum של IDEO לשגרת טיפוח בוקר וערב, עם מרקם סרום קל לתמיכה בלחות, גמישות ומראה עור רענן.",active
skin-memory-serum,,,,,,,,,,,,,,,,,,,,,,,,,https://cdn.shopify.com/s/files/1/0719/2628/4583/files/IDEO-_June_2022-12.jpg?v=1770414675,2,סרום Skin Memory של IDEO – תמונה 2 בגלריית המוצר,,,,
skin-memory-serum,,,,,,,,,,,,,,,,,,,,,,,,,https://cdn.shopify.com/s/files/1/0719/2628/4583/files/IDEO-December2021-9.jpg?v=1770414675,3,סרום Skin Memory של IDEO – תמונה 3 בגלריית המוצר,,,,
skin-memory-serum,,,,,,,,,,,,,,,,,,,,,,,,,https://cdn.shopify.com/s/files/1/0719/2628/4583/files/IDEO-_February_2023-1_aft.jpg?v=1770414676,4,סרום Skin Memory של IDEO – תמונה 4 בגלריית המוצר,,,,
skin-memory-serum,,,,,,,,,,,,,,,,,,,,,,,,,https://cdn.shopify.com/s/files/1/0719/2628/4583/files/IDEO-December2021-7.jpg?v=1770414675,5,סרום Skin Memory של IDEO – תמונה 5 בגלריית המוצר,,,,
skin-memory-serum,,,,,,,,,,,,,,,,,,,,,,,,,https://cdn.shopify.com/s/files/1/0719/2628/4583/files/IDEO-_Jan_2022-5_Edit.jpg?v=1770414675,6,סרום Skin Memory של IDEO – תמונה 6 בגלריית המוצר,,,,
skin-memory-serum,,,,,,,,,,,,,,,,,,,,,,,,,https://cdn.shopify.com/s/files/1/0719/2628/4583/files/IDEO-December2021-15.jpg?v=1770414675,7,סרום Skin Memory של IDEO – תמונה 7 בגלריית המוצר,,,,
skin-memory-serum,,,,,,,,,,,,,,,,,,,,,,,,,https://cdn.shopify.com/s/files/1/0719/2628/4583/files/prettySOCIAL-6_P.jpg?v=1770414675,8,סרום Skin Memory של IDEO – תמונה 8 בגלריית המוצר,,,,
skin-memory-serum,,,,,,,,,,,,,,,,,,,,,,,,,https://cdn.shopify.com/s/files/1/0719/2628/4583/files/prettySOCIAL-14.jpg?v=1770414675,9,סרום Skin Memory של IDEO – תמונה 9 בגלריית המוצר,,,,
skin-memory-serum,,,,,,,,,,,,,,,,,,,,,,,,,https://cdn.shopify.com/s/files/1/0719/2628/4583/files/prettySOCIAL-2.jpg?v=1770414675,10,סרום Skin Memory של IDEO – תמונה 10 בגלריית המוצר,,,,
skin-memory-serum,,,,,,,,,,,,,,,,,,,,,,,,,https://cdn.shopify.com/s/files/1/0719/2628/4583/files/Screen_Shot_2022-06-19_at_4.47_1.png?v=1770414675,11,סרום Skin Memory של IDEO – תמונה 11 בגלריית המוצר,,,,
skin-memory-serum,,,,,,,,,,,,,,,,,,,,,,,,,https://cdn.shopify.com/s/files/1/0719/2628/4583/files/IDEO-_Feb_2022-3_1_f7558d2b-f3d5-4486-97ba-31bd99f6235b.jpg?v=1770414676,12,סרום Skin Memory של IDEO – תמונה 12 בגלריית המוצר,,,,
skin-memory-serum,,,,,,,,,,,,,,,,,,,,,,,,,https://cdn.shopify.com/s/files/1/0719/2628/4583/files/Before-After-Comps---2.jpg?v=1770414675,13,סרום Skin Memory של IDEO – תמונה 13 בגלריית המוצר,,,,
skin-memory-serum,,,,,,,,,,,,,,,,,,,,,,,,,https://cdn.shopify.com/s/files/1/0719/2628/4583/files/gempages_536409410684060652-01e05b11-5730-4baa-bd76-21edc65ece77.jpg?v=1770414675,14,סרום Skin Memory של IDEO – תמונה 14 בגלריית המוצר,,,,
skin-memory-serum,,,,,,,,,,,,,,,,,,,,,,,,,https://cdn.shopify.com/s/files/1/0719/2628/4583/files/gempages_536409410684060652-d65662e2-0674-468b-804f-654a871aedd4.jpg?v=1770414675,15,סרום Skin Memory של IDEO – תמונה 15 בגלריית המוצר,,,,
im-from-rice-toner,טונר אורז Rice Toner,"<div dir=""rtl"" style=""text-align:right;line-height:1.75;"">
<p><strong>טונר דו-שכבתי על בסיס רכיבי אורז מ־Yeoju וניאצינאמיד, שנועד להעניק לחות, זוהר ומראה עור מאוזן יותר בלי תחושה כבדה.</strong></p>
<h3>מה חשוב לדעת</h3>
<ul>
<li>מסייע להעניק לעור מראה בהיר ואחיד יותר</li>
<li>שילוב של שכבה מימית ואמולסיה חלבית ללחות נעימה</li>
<li>מסייע לתמוך במחסום הלחות של העור</li>
<li>מתאים לכל סוגי העור, כולל עור רגיש לפי נתוני היצרן</li>
</ul>
<p><strong>כמות / גודל:</strong> 150 מ״ל</p>
<h3>איך משתמשים</h3>
<p>נערי היטב לפני השימוש. שפכי כמות קטנה לכף היד או לפד כותנה, העבירי בעדינות על הפנים והצוואר וטפחי לספיגה. המשיכי בשגרת הטיפוח.</p>
<p style=""font-size:0.92em;color:#666;""><strong>הערה:</strong> עיצוב האריזה עשוי להשתנות ללא הודעה מוקדמת.</p>
<h2>למי המוצר מתאים</h2>
<p>לעור שנראה עמום או לא אחיד ולמי שרוצה להוסיף לשגרה שלב ממוקד לזוהר, לחות ומראה רענן יותר.</p>
<h2>המקום שלו בשגרת K-Beauty</h2>
<p>אחרי ניקוי ולפני אסנס או סרום. מתחילים בכמות קטנה ומטפחים בעדינות עד לספיגה.</p>

<h2>שאלות נפוצות</h2>
<h3>באיזה שלב משתמשים במוצר?</h3>
<p>אחרי ניקוי ולפני אסנס או סרום. מתחילים בכמות קטנה ומטפחים בעדינות עד לספיגה.</p>
<h3>האם אפשר לשלב אותו בשגרה קיימת?</h3>
<p>כן. מומלץ להוסיף מוצר חדש אחד בכל פעם, לבצע בדיקת רגישות ולהתאים את תדירות השימוש לתחושת העור ולהוראות שעל האריזה.</p>
<p style=""font-size:0.92em;color:#666;"">זהו מוצר קוסמטי ואינו מיועד לאבחן או לטפל במצב רפואי. רשימת הרכיבים והוראות היצרן שעל האריזה הן הקובעות.</p>
</div>",I’m From,Toners,Toner Lotion,"I’m From, K-Beauty, K-Beauty: Glow, K-Beauty: Hydration, Korean Beauty, Shopify Collective",TRUE,Title,Default Title,,,,,Shopify-8809525936274,227,shopify,0,deny,manual,129.90,,TRUE,TRUE,8809525936274,https://cdn.shopify.com/s/files/1/0719/2628/4583/files/im-from-rice-toner-catalog-v2.webp?v=1788273048,1,טונר אורז Rice Toner של I’m From על רקע בהיר,FALSE,טונר אורז Rice Toner | I’m From,"טונר דו-שכבתי על בסיס רכיבי אורז מ־Yeoju וניאצינאמיד, שנועד להעניק לחות, זוהר ומראה עור מאוזן יותר בלי תחושה כבדה. מחיר בישראל ומשלוח לכל הארץ.",active
im-from-rice-toner,,,,,,,,,,,,,,,,,,,,,,,,,https://cdn.shopify.com/s/files/1/0719/2628/4583/files/im-from-rice-toner-tiger-catalog.webp?v=1788179026,2,טונר אורז Rice Toner של I’m From,,,,
im-from-rice-toner,,,,,,,,,,,,,,,,,,,,,,,,,https://cdn.shopify.com/s/files/1/0719/2628/4583/files/61MBNtwb6JL._AC_SL1500.jpg?v=1788157937,3,טונר אורז Rice Toner של I’m From – תמונה 3,,,,
im-from-rice-toner,,,,,,,,,,,,,,,,,,,,,,,,,https://cdn.shopify.com/s/files/1/0719/2628/4583/files/61HEvSRVGJL._AC_SL1500.jpg?v=1788157937,4,טונר אורז Rice Toner של I’m From – תמונה 4,,,,
im-from-rice-toner,,,,,,,,,,,,,,,,,,,,,,,,,https://cdn.shopify.com/s/files/1/0719/2628/4583/files/71Uv_5HdZwL._AC_SL1500.jpg?v=1788157937,5,טונר אורז Rice Toner של I’m From – תמונה 5,,,,
im-from-rice-toner,,,,,,,,,,,,,,,,,,,,,,,,,https://cdn.shopify.com/s/files/1/0719/2628/4583/files/71i3dBAY4wL._AC_SL1500.jpg?v=1788157937,6,טונר אורז Rice Toner של I’m From – תמונה 6,,,,
im-from-rice-toner,,,,,,,,,,,,,,,,,,,,,,,,,https://cdn.shopify.com/s/files/1/0719/2628/4583/files/710Bd5Z7xiL._AC_SL1500.jpg?v=1788157937,7,טונר אורז Rice Toner של I’m From – תמונה 7,,,,
im-from-rice-toner,,,,,,,,,,,,,,,,,,,,,,,,,https://cdn.shopify.com/s/files/1/0719/2628/4583/files/71tE5Iz3xCL._AC_SL1500.jpg?v=1788157937,8,טונר אורז Rice Toner של I’m From – תמונה 8,,,,
im-from-rice-toner,,,,,,,,,,,,,,,,,,,,,,,,,https://cdn.shopify.com/s/files/1/0719/2628/4583/files/71cfygC4S0L._AC_SL1500.jpg?v=1788157937,9,טונר אורז Rice Toner של I’m From – תמונה 9,,,,
laneige-water-sleeping-mask,מסכת לילה Water Sleeping Mask,"<div dir=""rtl"" style=""text-align:right;line-height:1.75;"">
<p><strong>מסכת לילה קוריאנית במרקם ג׳ל מרענן, שנועדה לנעול לחות בשלב האחרון של שגרת הערב ולעזור לעור להיראות רווי, רך ורענן יותר בבוקר.</strong></p>
<h2>למה היא הפכה לאייקון K-Beauty</h2>
<ul>
<li>מרקם ג׳ל קליל ונעים במקום מסכה כבדה</li>
<li>שלושה סוגי חומצה היאלורונית לתמיכה בלחות</li>
<li>סקוואלן, ניאצינאמיד וסרמיד NP בשגרת הלילה</li>
<li>מתאימה במיוחד לעור רגיל או יבש וללילות שבהם העור מרגיש מיובש</li>
</ul>
<h2>איך משתמשים</h2>
<p>מורחים שכבה אחידה אחרי קרם הפנים, משאירים למשך הלילה ושוטפים במים בבוקר. המותג ממליץ להתחיל ב-2-3 פעמים בשבוע; ניתן להתאים את התדירות לצורכי העור.</p>
<h2>מתי כדאי לשלב אותה</h2>
<p>אחרי ימים חמים, שהייה במיזוג, טיסות או בכל ערב שבו שגרת הלחות הרגילה מרגישה לא מספיקה.</p>
<h2>שאלות נפוצות</h2>
<h3>האם היא מחליפה קרם לילה?</h3>
<p>לא בהכרח. מסכת לילה משמשת בדרך כלל כשכבה האחרונה מעל קרם הפנים כדי לעזור לנעול את הלחות.</p>
<h3>צריך לשטוף אותה?</h3>
<p>כן. משאירים למשך הלילה ושוטפים בבוקר.</p>
<h3>אפשר להשתמש בכל ערב?</h3>
<p>אפשר להתאים את התדירות לעור. התחלה של 2-3 פעמים בשבוע מאפשרת לראות איך היא משתלבת בשגרה.</p>
<p style=""font-size:0.92em;color:#666;"">מומלץ לבצע בדיקת רגישות לפני שימוש ראשון. המוצר מכיל בישום; רשימת הרכיבים שעל האריזה היא הקובעת.</p>
</div>",LANEIGE,Skin Care Masks & Peels,Face Mask,"K-Beauty, K-Beauty: Hydration, Korean Beauty, LANEIGE, Shopify Collective",TRUE,Title,Default Title,,,,,Shopify-8809925196353,227,shopify,0,deny,manual,109.90,,TRUE,TRUE,8809925196353,https://cdn.shopify.com/s/files/1/0719/2628/4583/files/laneige-water-sleeping-mask-tiger-catalog.webp?v=1788179028,1,מסכת לילה Water Sleeping Mask של LANEIGE,FALSE,מסכת לילה Water Sleeping Mask | LANEIGE,"מסכת לילה קוריאנית בג׳ל עם חומצה היאלורונית, סקוואלן וסרמידים ללחות ורכות עד הבוקר. הוראות שימוש, שאלות נפוצות ומחיר בישראל.",active
laneige-water-sleeping-mask,,,,,,,,,,,,,,,,,,,,,,,,,https://cdn.shopify.com/s/files/1/0719/2628/4583/files/61STtl3UBpL._SL1500.jpg?v=1788157907,2,מסכת לילה Water Sleeping Mask של LANEIGE – תמונה 2,,,,
laneige-water-sleeping-mask,,,,,,,,,,,,,,,,,,,,,,,,,https://cdn.shopify.com/s/files/1/0719/2628/4583/files/81DNGsK-vFL._SL1500.jpg?v=1788157907,3,מסכת לילה Water Sleeping Mask של LANEIGE – תמונה 3,,,,
laneige-water-sleeping-mask,,,,,,,,,,,,,,,,,,,,,,,,,https://cdn.shopify.com/s/files/1/0719/2628/4583/files/71mQjpT0_uL._SL1500.jpg?v=1788157907,4,מסכת לילה Water Sleeping Mask של LANEIGE – תמונה 4,,,,
laneige-water-sleeping-mask,,,,,,,,,,,,,,,,,,,,,,,,,https://cdn.shopify.com/s/files/1/0719/2628/4583/files/71Xd1BTTgYL._SL1500.jpg?v=1788157907,5,מסכת לילה Water Sleeping Mask של LANEIGE – תמונה 5,,,,
purito-seoul-daily-soft-touch-sunscreen,קרם הגנה Daily Soft Touch SPF50+ PA++++,"<div dir=""rtl"" style=""text-align:right;line-height:1.75;"">
<p><strong>קרם הגנה במרקם דמוי קרם לחות עם SPF50+ PA++++, סרמידים, Centella ופנתנול, לגימור נעים ולא דביק.</strong></p>
<h3>מה חשוב לדעת</h3>
<ul>
<li>SPF50+ PA++++</li>
<li>5 סוגי סרמידים</li>
<li>Centella Asiatica ופנתנול</li>
<li>עמידות למים, זיעה וחול לפי נתוני היצרן</li>
</ul>
<p><strong>כמות / גודל:</strong> 60 מ״ל</p>
<h3>איך משתמשים</h3>
<p>מרחי בנדיבות כ־15 דקות לפני חשיפה לשמש. לפי הוראות היצרן יש לחדש כל שעתיים, לאחר הזעה משמעותית או לפי הצורך.</p>
<p style=""font-size:0.92em;color:#666;""><strong>הערה:</strong> עיצוב האריזה עשוי להשתנות ללא הודעה מוקדמת.</p>
<h2>למי המוצר מתאים</h2>
<p>למי שמחפשת הגנה יומיומית מהשמש כחלק קבוע משגרת הבוקר, עם מרקם שנוח לשלב מעל טיפוח ומתחת לאיפור.</p>
<h2>המקום שלו בשגרת K-Beauty</h2>
<p>בשלב האחרון של שגרת הבוקר, אחרי קרם הלחות ולפני איפור. יש למרוח כמות נדיבה ולחדש לפי הוראות היצרן ובמהלך חשיפה לשמש.</p>

<h2>שאלות נפוצות</h2>
<h3>באיזה שלב משתמשים במוצר?</h3>
<p>בשלב האחרון של שגרת הבוקר, אחרי קרם הלחות ולפני איפור. יש למרוח כמות נדיבה ולחדש לפי הוראות היצרן ובמהלך חשיפה לשמש.</p>
<h3>האם אפשר לשלב אותו בשגרה קיימת?</h3>
<p>כן. מומלץ להוסיף מוצר חדש אחד בכל פעם, לבצע בדיקת רגישות ולהתאים את תדירות השימוש לתחושת העור ולהוראות שעל האריזה.</p>
<p style=""font-size:0.92em;color:#666;"">זהו מוצר קוסמטי ואינו מיועד לאבחן או לטפל במצב רפואי. רשימת הרכיבים והוראות היצרן שעל האריזה הן הקובעות.</p>
</div>",PURITO SEOUL,Sunscreen,Sunscreen,"K-Beauty, K-Beauty: Sun, Korean Beauty, PURITO SEOUL, Shopify Collective",TRUE,Title,Default Title,,,,,Shopify-8809563102600,113,shopify,0,deny,manual,79.90,,TRUE,TRUE,8809563102600,https://cdn.shopify.com/s/files/1/0719/2628/4583/files/purito-seoul-daily-soft-touch-sunscreen-tiger-catalog.webp?v=1788178959,1,קרם הגנה Daily Soft Touch SPF50+ PA++++ של PURITO SEOUL,FALSE,קרם הגנה Daily Soft Touch SPF50+ PA++++ | PURITO SEOUL,"קרם הגנה במרקם דמוי קרם לחות עם SPF50+ PA++++, סרמידים, Centella ופנתנול, לגימור נעים ולא דביק. מחיר בישראל ומשלוח לכל הארץ.",active
purito-seoul-daily-soft-touch-sunscreen,,,,,,,,,,,,,,,,,,,,,,,,,https://cdn.shopify.com/s/files/1/0719/2628/4583/files/515_Z2r5vjL._SL1080.jpg?v=1788159581,2,קרם הגנה Daily Soft Touch של PURITO SEOUL – תמונה 2,,,,
purito-seoul-daily-soft-touch-sunscreen,,,,,,,,,,,,,,,,,,,,,,,,,https://cdn.shopify.com/s/files/1/0719/2628/4583/files/61ICX3ilkML._SL1080.jpg?v=1788159581,3,קרם הגנה Daily Soft Touch של PURITO SEOUL – תמונה 3,,,,
purito-seoul-daily-soft-touch-sunscreen,,,,,,,,,,,,,,,,,,,,,,,,,https://cdn.shopify.com/s/files/1/0719/2628/4583/files/61PGffkbNEL._SL1500.jpg?v=1788159581,4,קרם הגנה Daily Soft Touch של PURITO SEOUL – תמונה 4,,,,
vichy-mineral-89-hyaluronic-acid-booster-serum-booster-50ml,"סרום בוסטר חומצה היאלורונית 89 - וישי מינרל (50 מ""ל)","<div dir=""rtl"" style=""text-align: right; font-family: sans-serif; line-height: 1.6;"">
<h2>בוסטר חומצה היאלורונית Vichy Mineral 89</h2>
<p><strong>לחיזוק מחסום העור והענקת לחות מרוכזת ל-24 שעות</strong></p>
<p>הבוסטר האגדי של Vichy המשלב חומצה היאלורונית ממקור טבעי עם 89% מים וולקניים עשירים ב-15 מינרלים חיוניים.</p>
<h3>למה הוא מומלץ על ידי דרמטולוגים?</h3>
<ul>
<li>מחזק את מחסום ההגנה של העור מפני זיהום אוויר, מתח ועייפות</li>
<li>מעניק לחות מיידית ומראה נפח (Plumping effect)</li>
<li>פורמולה נקייה ומינימליסטית עם 11 רכיבים בלבד - ללא בושם וללא אלכוהול</li>
<li>מתאים לכל סוגי העור, כולל עור רגיש במיוחד</li>
</ul>
</div>",Pasteur Pharmacy,Skin Care,Serum,"Pasteur Pharmacy, Shopify Collective",FALSE,Title,Default Title,,,,,3337875543248,45,shopify,0,deny,manual,162.01,,TRUE,TRUE,3337875543248,https://cdn.shopify.com/s/files/1/0719/2628/4583/files/3337875543248.jpg?v=1770415094,1,,FALSE,,,draft
kerastase-genesis-fortifiant-hair-serum-3-oz,"סרום יוקרתי לחיזוק השיער - קרסטס ג'נסיס (90 מ""ל)","<div dir=""rtl"" style=""text-align: right; font-family: sans-serif; line-height: 1.6;"">
<h2>סרום מנעת נשירה ושבירה Kérastase Genesis Sérum Fortifiant</h2>
<p><strong>סרום חיזוק יומי יוקרתי מבית קרסטס פריז</strong></p>
<p>סרום טיפולי יומי לקרקפת ולשיער, המיועד לחזק את השורשים ולהפחית שבירת שיער מסירוק עד 97%!</p>
<h3>יתרונות מפתח:</h3>
<ul>
<li>ללא סיליקונים - אינו מכביד על השיער</li>
<li>מחזק את סיב השערה ומעניק חיוניות מיום ליום</li>
<li>מרגיע את הקרקפת ומטפח סביבה בריאה לצמיחה</li>
<li>זוכה פרס היופי Best New Beauty Awards</li>
</ul>
</div>",Pasteur Pharmacy,Uncategorized,Hair Care,"Pasteur Pharmacy, Shopify Collective",FALSE,Title,Default Title,,,,,3474637159375,454,shopify,0,deny,manual,220.08,290.39,TRUE,TRUE,3474637159375,https://cdn.shopify.com/s/files/1/0719/2628/4583/files/136980417.jpg?v=1770415108,1,,FALSE,,,draft
hair-biology-argan-oil-taming-serum-with-biotin-for-dull-frizzy-or-dry-3-2-fl-oz,סרום שמן ארגן וביוטין לשיער - היר ביולוג'י,"<div dir=""rtl"" style=""text-align: right; font-family: sans-serif; line-height: 1.6;"">
<h2>סרום מזין לשיער Hair Biology עם שמן ארגן וביוטין</h2>
<p><strong>לשיקום שיער יבש, מלחמה בקרזוף והענקת ברק משי</strong></p>
<p>סרום ייחודי המיועד להזנה עמוקה של השיער. נספג בקלות מבלי להכביד, מחזק את סיב השערה מפני שבירה, ומעניק מראה רך, ממושמע וזוהר.</p>
<h3>יתרונות:</h3>
<ul>
<li>מועשר בביוטין ושמן ארגן טהור</li>
<li>מחליק קצוות מפוצלים ומעלים קרזוף (Frizz)</li>
<li>ללא פרבנים, בטוח לשיער צבוע</li>
<li>מעניק מראה שיער בריא, נעים למגע וקל לעיצוב</li>
</ul>
</div>",Pasteur Pharmacy,Hair Styling Products,Hair Care,"Pasteur Pharmacy, Shopify Collective",FALSE,Title,Default Title,,,,,037000642268,2602,shopify,0,deny,manual,36.68,58.08,TRUE,TRUE,037000642268,https://cdn.shopify.com/s/files/1/0719/2628/4583/files/354532068.jpg?v=1770415106,1,,FALSE,,,draft
philip-b-everyday-beautiful-dry-shampoo-sicilian-neroli-8-8-fl-oz,שמפו יבש יוקרתי נרולי סיציליאני — Philip B,"
<div style=""direction: rtl; text-align: right; font-family: -apple-system, BlinkMacSystemFont, 'Segoe UI', Roboto, sans-serif; line-height: 1.7; color: #1e293b;"">

  <h2 style=""font-size: 1.35rem; font-weight: 800; color: #0f172a; margin-bottom: 12px; line-height: 1.4;"">
    הסוד של מעצבי השיער בהוליווד: איך לקבל שיער מלא נפח ורענן בתוך 60 שניות — בלי טיפת אבקה לבנה
  </h2>

  <p style=""font-size: 1.05rem; margin-bottom: 16px;"">
    אם אי פעם השתמשת בשמפו יבש רגיל מהפארם, את כנראה מכירה את האכזבה: שיער שנראה מאובק, תחושת קמח דביקה על הקרקפת, ריח כימי חזק, ושיער שנשאר יבש, עמום וחסר חיים.
  </p>

  <p style=""font-size: 1.05rem; margin-bottom: 16px;"">
    <strong>פיליפ בי (Philip B)</strong> — מעצב השיער האגדי של כוכבות השטיח האדום בלוס אנג'לס — פיתח את הפורמולה הזו בדיוק כדי לפתור את הבעיה הזו. במקום טלק זול וגיר שחונקים את זקיקי השיער, הפורמולה מבוססת על עמילן בוטני שקוף ותמציות שמנים ארומתרפיים מפרחי נרולי מסיציליה.
  </p>

  <div style=""background: #f8fafc; border-right: 4px solid #0f172a; padding: 14px 18px; margin: 20px 0; border-radius: 4px;"">
    <h3 style=""font-size: 1.1rem; font-weight: 700; color: #0f172a; margin: 0 0 6px 0;"">למה זה שונה לחלוטין מכל שמפו יבש שניסית?</h3>
    <ul style=""margin: 8px 0 0 0; padding-right: 20px;"">
      <li style=""margin-bottom: 6px;"">
<strong>ספיגת שומן מיידית בלי שאריות:</strong> מנטרל שומניות עודפת בקרקפת ובשורשים בלי להשאיר פירור אבקתי לבן — מתאים מושלם גם לשיער כהה ושחור.</li>
      <li style=""margin-bottom: 6px;"">
<strong>מרקם קליל ונפח טבעי:</strong> מעניק הרמה משמעותית בשורש ותנועה טבעית, בלי תחושת כובד או נוקשות של ספריי שיער.</li>
      <li style=""margin-bottom: 6px;"">
<strong>ניחוח יוקרתי של נרולי סיציליאני:</strong> תערובת שמנים טהורה של ברגמוט, קליפות תפוז, לבנדר ורוזמרין שמשאירה את השיער עם ריח רענן כאילו יצאת זה עתה ממספרה יוקרתית.</li>
      <li>
<strong>שמירה על בריאות הקרקפת:</strong> מועשר בשמן חריע ותמצית קמומיל שמרגיעים את עור הקרקפת ואינם מייבשים את סיב השערה.</li>
    </ul>
  </div>

  <h3 style=""font-size: 1.15rem; font-weight: 700; color: #0f172a; margin: 22px 0 10px 0;"">מתי זה הפתרון המושלם עבורך?</h3>
  <ul style=""padding-right: 20px; margin-bottom: 18px;"">
    <li>בבקרים לחוצים שאין בהם זמן לחפיפה ופן מלא.</li>
    <li>לחידוש והרמת השורשים יום או יומיים אחרי החפיפה כדי להאריך את חיי הפן/העיצוב.</li>
    <li>אחרי אימון בחדר כושר או באמצע יום עבודה ארוך.</li>
    <li>למתן נפח וטקסטורה עשירה לשיער דק או נפול.</li>
  </ul>

  <h3 style=""font-size: 1.15rem; font-weight: 700; color: #0f172a; margin: 22px 0 10px 0;"">פרוטוקול השימוש:</h3>
  <ol style=""padding-right: 20px; margin-bottom: 20px;"">
    <li style=""margin-bottom: 6px;"">נערי היטב את המיכל לפני כל שימוש.</li>
    <li style=""margin-bottom: 6px;"">החזיקי את המיכל במרחק של כ-15–20 ס""מ מהקרקפת ורססי ישירות אל אזור השורשים.</li>
    <li style=""margin-bottom: 6px;"">המתיני כ-30 שניות כדי לאפשר למיקרו-עמילן לספוג את השומן.</li>
    <li>עסי בעדינות בעזרת קצות האצבעות או הברישי את השיער. התוצאה: שיער קליל, שופע ומלא חיים.</li>
  </ol>

  <p style=""font-size: 0.95rem; color: #475569; border-top: 1px solid #e2e8f0; padding-top: 14px; margin-top: 24px;"">
    <strong>תכולה:</strong> 260 מ""ל (8.8 fl oz) | מתאים לכל סוגי השיער ולשיער שעבר החלקה או צביעה.
  </p>
</div>
",Pasteur Pharmacy,Shampoo,Dry Shampoo,"Pasteur Pharmacy, Shopify Collective",FALSE,Title,Default Title,,,,,858991004992,249,shopify,0,deny,manual,177.29,241.48,TRUE,TRUE,858991004992,https://cdn.shopify.com/s/files/1/0719/2628/4583/files/philip-b-DV-04-20-23-v2_20230420_214019_unresolved_4320x4320__Aerosol_Everyday_Beautiful_Dry_Shampoo_Multi_600x_92e61a3b-869e-4660-abea-2572d577979f.jpg?v=1770414526,1,,FALSE,,,draft
pure-growth-hair-serum,Pure Growth Hair Serum,"<div class=""product-block product-block-description w-full max-w-full"">
<p class=""rte text-theme-basic text-left""><meta charset=""utf-8"">Net wt 2 fl oz | 58 ml Hair Serum in a Glass Bottle with Dropper</p>
<p class=""rte text-theme-basic text-left"">(Formerly Golden Hair Serum - bottle transitioned names and label 5/25 from white sticker label to bottle printed)</p>
<p>Simmondsia Chinensis (Jojoba) Seed Oil*, Ricinus Communis (Castor) Seed Oil*, Brassica Oleracea Italica (Broccoli) Seed Oil*, Helianthus Annuus (Sunflower) Seed Oil*, Rosmarinus Officinalis (Rosemary) Oil, Melaleuca Leucadendron Cajeputi (Cajeput) Leaf Oil, Tocopherol, Melaleuca Alternifolia (Tea Tree) Leaf Oil, Azadirachta Indica (Neem) Seed Oil, Mentha Piperita (Peppermint) Oil, Polyglyceryl-3 Diisostearate, Carthamus Tinctorius (Safflower) Flower Extract, Hibiscus Sabdariffa (Hibiscus) Flower Extract</p>
<p>*Organic</p>
</div>",Pretty farm girl,Health & Beauty,Scalp + Hair Oil,"Pretty farm girl, Shopify Collective",FALSE,Title,Default Title,,,,,OIL-GHS-004,116,shopify,0,deny,manual,76.39,,TRUE,TRUE,850022847738,https://cdn.shopify.com/s/files/1/0719/2628/4583/files/pure_growth_white_top.jpg?v=1788190895,1,,FALSE,,,draft
pure-growth-hair-serum,,,,,,,,,,,,,,,,,,,,,,,,,https://cdn.shopify.com/s/files/1/0719/2628/4583/files/pure_growth_white_top2-1.jpg?v=1788190896,2,,,,,
pure-growth-hair-serum,,,,,,,,,,,,,,,,,,,,,,,,,https://cdn.shopify.com/s/files/1/0719/2628/4583/files/pure_growth_serum.jpg?v=1788190896,3,,,,,
round-lab-birch-juice-moisturizing-serum,סרום לחות Birch Juice,"<div dir=""rtl"" style=""text-align:right;line-height:1.75;"">
<p><strong>סרום לחות קוריאני קליל למראה עור רווי, גמיש וזוהר, עם מי ליבנה ושלושה סוגי חומצה היאלורונית. מתאים לשילוב יומיומי בלי להעמיס על השגרה.</strong></p>
<h2>מה מיוחד בו</h2>
<ul>
<li>מי ליבנה בריכוז 10,000ppm לפי נתוני המותג</li>
<li>שילוב חומצה היאלורונית לתמיכה בלחות מתמשכת</li>
<li>מרקם קליל שמתאים לשכבות מתחת לקרם ולקרם הגנה</li>
<li>בחירה טובה כשהעור מרגיש מתוח, עייף או חסר חיוניות</li>
</ul>
<h2>למי הוא מתאים</h2>
<p>לכל סוגי העור שמחפשים תוספת לחות קלה. בעור שמן אפשר להשתמש בכמות קטנה; בעור יבש מומלץ לסגור מעליו עם קרם לחות.</p>
<h2>איך משתמשים</h2>
<p>אחרי ניקוי וטונר, מניחים 2-3 טיפות על הפנים והצוואר וטופחים בעדינות. ממשיכים לקרם לחות, ובבוקר לקרם הגנה.</p>
<h2>איך משלבים בשגרה</h2>
<p>ניקוי → טונר → סרום הלחות → קרם לחות → SPF בבוקר.</p>
<h2>שאלות נפוצות</h2>
<h3>אפשר להשתמש בבוקר ובערב?</h3>
<p>כן. המרקם הקליל מתאים לשתי השגרות.</p>
<h3>האם הוא מחליף קרם לחות?</h3>
<p>לרוב הוא עובד טוב יותר כשכבת לחות מתחת לקרם, במיוחד בעור יבש או בעונת החורף.</p>
<p style=""font-size:0.92em;color:#666;"">מומלץ לבצע בדיקת רגישות לפני שימוש ראשון. נוסחאות ואריזות עשויות להתעדכן; רשימת הרכיבים שעל האריזה היא הקובעת.</p>
</div>",Round Lab,Skin Care,Serum,"K-Beauty, K-Beauty: Hydration, Korean Beauty, Round Lab, Shopify Collective",TRUE,Title,Default Title,,,,,Shopify-8809782553009,113,shopify,0,deny,manual,59.90,,TRUE,TRUE,8809782553009,https://cdn.shopify.com/s/files/1/0719/2628/4583/files/round-lab-birch-juice-moisturizing-serum-tiger-catalog.webp?v=1788178951,1,סרום לחות Birch Juice של Round Lab,FALSE,סרום לחות Birch Juice | Round Lab,"סרום לחות קוריאני של Round Lab עם מי ליבנה וחומצה היאלורונית למראה עור רווי וגמיש. מחיר בישראל, מידע מלא והוראות שימוש.",active
round-lab-birch-juice-moisturizing-serum,,,,,,,,,,,,,,,,,,,,,,,,,https://cdn.shopify.com/s/files/1/0719/2628/4583/files/417x_jUj9ES._SL1222.jpg?v=1788159641,2,סרום לחות Birch Juice של Round Lab – תמונה 2,,,,
round-lab-birch-juice-moisturizing-serum,,,,,,,,,,,,,,,,,,,,,,,,,https://cdn.shopify.com/s/files/1/0719/2628/4583/files/51SRQyTwxWS._SL1000.jpg?v=1788159641,3,סרום לחות Birch Juice של Round Lab – תמונה 3,,,,
round-lab-birch-juice-moisturizing-serum,,,,,,,,,,,,,,,,,,,,,,,,,https://cdn.shopify.com/s/files/1/0719/2628/4583/files/41UHUWGKBNS._SL1000.jpg?v=1788159641,4,סרום לחות Birch Juice של Round Lab – תמונה 4,,,,
round-lab-birch-juice-moisturizing-uv-lock-sunscreen,קרם הגנה Birch Juice UV Lock SPF45,"<div dir=""rtl"" style=""text-align:right;line-height:1.75;"">
<p><strong>קרם הגנה קליל עם SPF45 Broad Spectrum, Birch Juice, חומצה היאלורונית וניאצינאמיד, שמשלב הגנה יומיומית מהשמש עם לחות.</strong></p>
<h3>מה חשוב לדעת</h3>
<ul>
<li>SPF45 Broad Spectrum</li>
<li>Birch Juice + חומצה היאלורונית ללחות</li>
<li>ניאצינאמיד</li>
<li>מיועד גם לעור רגיש לפי נתוני היצרן</li>
</ul>
<p><strong>כמות / גודל:</strong> 50 מ״ל</p>
<h3>איך משתמשים</h3>
<p>מרחי כשלב האחרון בשגרת הבוקר, כ־15 דקות לפני יציאה לשמש. עסי בעדינות וחדשי את המריחה באופן סדיר לפי הוראות היצרן.</p>
<p style=""font-size:0.92em;color:#666;""><strong>הערה:</strong> תוקף המוצר לפי הספק: 03/11/2026 או מאוחר יותר. יש לבדוק את התאריך שעל האריזה בעת הקבלה.</p>
<h2>למי המוצר מתאים</h2>
<p>למי שמחפשת הגנה יומיומית מהשמש כחלק קבוע משגרת הבוקר, עם מרקם שנוח לשלב מעל טיפוח ומתחת לאיפור.</p>
<h2>המקום שלו בשגרת K-Beauty</h2>
<p>בשלב האחרון של שגרת הבוקר, אחרי קרם הלחות ולפני איפור. יש למרוח כמות נדיבה ולחדש לפי הוראות היצרן ובמהלך חשיפה לשמש.</p>

<h2>שאלות נפוצות</h2>
<h3>באיזה שלב משתמשים במוצר?</h3>
<p>בשלב האחרון של שגרת הבוקר, אחרי קרם הלחות ולפני איפור. יש למרוח כמות נדיבה ולחדש לפי הוראות היצרן ובמהלך חשיפה לשמש.</p>
<h3>האם אפשר לשלב אותו בשגרה קיימת?</h3>
<p>כן. מומלץ להוסיף מוצר חדש אחד בכל פעם, לבצע בדיקת רגישות ולהתאים את תדירות השימוש לתחושת העור ולהוראות שעל האריזה.</p>
<p style=""font-size:0.92em;color:#666;"">זהו מוצר קוסמטי ואינו מיועד לאבחן או לטפל במצב רפואי. רשימת הרכיבים והוראות היצרן שעל האריזה הן הקובעות.</p>
</div>",Round Lab,Sunscreen,Sunscreen,"K-Beauty, K-Beauty: Sun, Korean Beauty, Round Lab, Shopify Collective",TRUE,Title,Default Title,,,,,Shopify-8809962541192,113,shopify,0,deny,manual,59.90,,TRUE,TRUE,8809962541192,https://cdn.shopify.com/s/files/1/0719/2628/4583/files/round-lab-birch-juice-moisturizing-uv-lock-sunscreen-tiger-catalog.webp?v=1788178974,1,קרם הגנה Birch Juice UV Lock SPF45 של Round Lab,FALSE,קרם הגנה Birch Juice UV Lock SPF45 | Round Lab,"קרם הגנה קליל עם SPF45 Broad Spectrum, Birch Juice, חומצה היאלורונית וניאצינאמיד, שמשלב הגנה יומיומית מהשמש עם לחות. מחיר בישראל ומשלוח לכל הארץ.",active
round-lab-birch-juice-moisturizing-uv-lock-sunscreen,,,,,,,,,,,,,,,,,,,,,,,,,https://cdn.shopify.com/s/files/1/0719/2628/4583/files/51qg7ayhl5L._SL1500.jpg?v=1788159505,2,קרם הגנה Birch Juice של Round Lab – תמונה 2,,,,
round-lab-birch-juice-moisturizing-uv-lock-sunscreen,,,,,,,,,,,,,,,,,,,,,,,,,https://cdn.shopify.com/s/files/1/0719/2628/4583/files/61j0MYx9JcL._SL1200.jpg?v=1788159505,3,קרם הגנה Birch Juice של Round Lab – תמונה 3,,,,
round-lab-birch-juice-moisturizing-uv-lock-sunscreen,,,,,,,,,,,,,,,,,,,,,,,,,https://cdn.shopify.com/s/files/1/0719/2628/4583/files/61x-l2DGfEL._SL1200.jpg?v=1788159505,4,קרם הגנה Birch Juice של Round Lab – תמונה 4,,,,
round-lab-birch-juice-moisturizing-uv-lock-sunscreen,,,,,,,,,,,,,,,,,,,,,,,,,https://cdn.shopify.com/s/files/1/0719/2628/4583/files/61JzsMrw4rL._SL1200.jpg?v=1788159505,5,קרם הגנה Birch Juice של Round Lab – תמונה 5,,,,
skin1004-madagascar-centella-niacinamide-10-boosting-shot-ampoule,אמפולת Niacinamide 10 Boosting Shot,"<div dir=""rtl"" style=""text-align:right;line-height:1.75;"">
<p><strong>אמפולה ממוקדת עם ניאצינאמיד, Tranexamic Acid ומיקרו-ספיקולות, שנועדה לטיפוח מראה גוון לא אחיד, נקבוביות ומרקם העור.</strong></p>
<h3>מה חשוב לדעת</h3>
<ul>
<li>ניאצינאמיד + Tranexamic Acid</li>
<li>מיקרו-ספיקולות עם Madagascar Centella ופנתנול</li>
<li>מכילה Ascorbyl Glucoside</li>
<li>מרקם קליל עם גימור רענן ולח</li>
</ul>
<p><strong>כמות / גודל:</strong> 30 מ״ל</p>
<h3>איך משתמשים</h3>
<p>המוצר מכיל מיקרו-ספיקולות ועשוי לגרום לתחושת עקצוץ. התחילי בכמות קטנה 2–3 פעמים בשבוע לפי הוראות היצרן, ולאחר הסתגלות ניתן להגדיל תדירות. השתמשי לאחר טונר והשלימי עם לחות.</p>
<p style=""font-size:0.92em;color:#666;""><strong>הערה:</strong> אין להשתמש על עור מגורה או בזמן זיהום/גירוי פעיל לפי הוראות היצרן.</p>
<h2>למי המוצר מתאים</h2>
<p>לעור שנראה עמום או לא אחיד ולמי שרוצה להוסיף לשגרה שלב ממוקד לזוהר, לחות ומראה רענן יותר.</p>
<h2>המקום שלו בשגרת K-Beauty</h2>
<p>אחרי ניקוי וטונר ולפני קרם לחות. מתחילים בכמות קטנה ומאפשרים למוצר להיספג לפני השלב הבא.</p>
<p><strong>טיפ קטן:</strong> אם זו הפעם הראשונה שלך עם רכיבים פעילים, התחילי בהדרגה ואל תעמיסי כמה מוצרים פעילים חדשים באותו ערב.</p>
<h2>שאלות נפוצות</h2>
<h3>באיזה שלב משתמשים במוצר?</h3>
<p>אחרי ניקוי וטונר ולפני קרם לחות. מתחילים בכמות קטנה ומאפשרים למוצר להיספג לפני השלב הבא.</p>
<h3>האם אפשר לשלב אותו בשגרה קיימת?</h3>
<p>כן. מומלץ להוסיף מוצר חדש אחד בכל פעם, לבצע בדיקת רגישות ולהתאים את תדירות השימוש לתחושת העור ולהוראות שעל האריזה.</p>
<p style=""font-size:0.92em;color:#666;"">זהו מוצר קוסמטי ואינו מיועד לאבחן או לטפל במצב רפואי. רשימת הרכיבים והוראות היצרן שעל האריזה הן הקובעות.</p>
</div>",SKIN1004,Face Serums,Serum,"K-Beauty, K-Beauty: Glow, K-Beauty: Hydration, Korean Beauty, Shopify Collective, SKIN1004",TRUE,Title,Default Title,,,,,Shopify-8809913832492,227,shopify,0,deny,manual,79.90,,TRUE,TRUE,8809913832492,https://cdn.shopify.com/s/files/1/0719/2628/4583/files/skin1004-madagascar-centella-niacinamide-10-boosting-shot-ampoule-tiger-catalog.webp?v=1788178956,1,אמפולת Niacinamide 10 Boosting Shot של SKIN1004,FALSE,אמפולת Niacinamide 10 Boosting Shot | SKIN1004,"אמפולה ממוקדת עם ניאצינאמיד, Tranexamic Acid ומיקרו-ספיקולות, שנועדה לטיפוח מראה גוון לא אחיד, נקבוביות ומרקם העור. מחיר בישראל ומשלוח לכל הארץ.",active
skin1004-madagascar-centella-niacinamide-10-boosting-shot-ampoule,,,,,,,,,,,,,,,,,,,,,,,,,https://cdn.shopify.com/s/files/1/0719/2628/4583/files/02_c30bdb13-712c-4e34-95f1-709983fe5f11.png?v=1788159604,2,אמפולת Niacinamide 10 של SKIN1004 – תמונה 2,,,,
skin1004-madagascar-centella-niacinamide-10-boosting-shot-ampoule,,,,,,,,,,,,,,,,,,,,,,,,,https://cdn.shopify.com/s/files/1/0719/2628/4583/files/03_fed83966-160a-44a4-ae54-64987525082e.png?v=1788159604,3,אמפולת Niacinamide 10 של SKIN1004 – תמונה 3,,,,
skin1004-madagascar-centella-niacinamide-10-boosting-shot-ampoule,,,,,,,,,,,,,,,,,,,,,,,,,https://cdn.shopify.com/s/files/1/0719/2628/4583/files/04_475fbbd5-ffef-467d-a33d-0fcae1979047.png?v=1788159604,4,אמפולת Niacinamide 10 של SKIN1004 – תמונה 4,,,,
skin1004-madagascar-centella-niacinamide-10-boosting-shot-ampoule,,,,,,,,,,,,,,,,,,,,,,,,,https://cdn.shopify.com/s/files/1/0719/2628/4583/files/06_2923ef67-1d49-42ed-9e82-4d794df948be.png?v=1788159604,5,אמפולת Niacinamide 10 של SKIN1004 – תמונה 5,,,,
skin1004-madagascar-centella-niacinamide-10-boosting-shot-ampoule,,,,,,,,,,,,,,,,,,,,,,,,,https://cdn.shopify.com/s/files/1/0719/2628/4583/files/08_24b3caef-c01f-4260-8674-8164d4ac89fc.png?v=1788159604,6,אמפולת Niacinamide 10 של SKIN1004 – תמונה 6,,,,
skin1004-madagascar-centella-hyalu-cica-water-fit-sun-serum-spf50-pa,סרום הגנה Hyalu-Cica Water-Fit SPF50+ PA++++,"<div dir=""rtl"" style=""text-align:right;line-height:1.75;"">
<p><strong>סרום הגנה קליל עם SPF50+ PA++++, Centella Asiatica וחומצה היאלורונית, שמעניק הגנה מהשמש יחד עם לחות ותחושה מרגיעה.</strong></p>
<h3>מה חשוב לדעת</h3>
<ul>
<li>SPF50+ PA++++</li>
<li>Centella Asiatica + חומצה היאלורונית</li>
<li>ללא שכבה לבנה לפי נתוני היצרן</li>
<li>מומלץ במיוחד לעור יבש ורגיש לפי היצרן</li>
</ul>
<p><strong>כמות / גודל:</strong> 50 מ״ל</p>
<h3>איך משתמשים</h3>
<p>כשלב האחרון בשגרת הבוקר, מרחי כמות נדיבה ואחידה על אזורים החשופים לשמש.</p>
<p style=""font-size:0.92em;color:#666;""><strong>הערה:</strong> יש להשתמש בהתאם להוראות היצרן ולחדש את ההגנה לפי הצורך.</p>
<h2>למי המוצר מתאים</h2>
<p>למי שמחפשת הגנה יומיומית מהשמש כחלק קבוע משגרת הבוקר, עם מרקם שנוח לשלב מעל טיפוח ומתחת לאיפור.</p>
<h2>המקום שלו בשגרת K-Beauty</h2>
<p>בשלב האחרון של שגרת הבוקר, אחרי קרם הלחות ולפני איפור. יש למרוח כמות נדיבה ולחדש לפי הוראות היצרן ובמהלך חשיפה לשמש.</p>

<h2>שאלות נפוצות</h2>
<h3>באיזה שלב משתמשים במוצר?</h3>
<p>בשלב האחרון של שגרת הבוקר, אחרי קרם הלחות ולפני איפור. יש למרוח כמות נדיבה ולחדש לפי הוראות היצרן ובמהלך חשיפה לשמש.</p>
<h3>האם אפשר לשלב אותו בשגרה קיימת?</h3>
<p>כן. מומלץ להוסיף מוצר חדש אחד בכל פעם, לבצע בדיקת רגישות ולהתאים את תדירות השימוש לתחושת העור ולהוראות שעל האריזה.</p>
<p style=""font-size:0.92em;color:#666;"">זהו מוצר קוסמטי ואינו מיועד לאבחן או לטפל במצב רפואי. רשימת הרכיבים והוראות היצרן שעל האריזה הן הקובעות.</p>
</div>",SKIN1004,Sunscreen,Sunscreen,"K-Beauty, K-Beauty: Sun, Korean Beauty, Shopify Collective, SKIN1004",TRUE,Title,Default Title,,,,,Shopify-8809576261592,113,shopify,0,deny,manual,79.90,,TRUE,TRUE,8809576261592,https://cdn.shopify.com/s/files/1/0719/2628/4583/files/skin1004-madagascar-centella-hyalu-cica-water-fit-sun-serum-spf50-pa-tiger-catalog.webp?v=1788178982,1,סרום הגנה Hyalu-Cica Water-Fit SPF50+ PA++++ של SKIN1004,FALSE,סרום הגנה Hyalu-Cica Water-Fit SPF50+ PA++++ | SKIN1004,"סרום הגנה קליל עם SPF50+ PA++++, Centella Asiatica וחומצה היאלורונית, שמעניק הגנה מהשמש יחד עם לחות ותחושה מרגיעה. מחיר בישראל ומשלוח לכל הארץ.",active
skin1004-madagascar-centella-hyalu-cica-water-fit-sun-serum-spf50-pa,,,,,,,,,,,,,,,,,,,,,,,,,https://cdn.shopify.com/s/files/1/0719/2628/4583/files/skin1004_madagascar_hyalu_cica_water_fit_serum_rejuvenates_revitalize_sun_serum_carenclass_korean_skincare_main-500x500.jpg?v=1788159475,2,סרום הגנה Hyalu-Cica של SKIN1004 – תמונה 2,,,,
skin1004-madagascar-centella-hyalu-cica-water-fit-sun-serum-spf50-pa,,,,,,,,,,,,,,,,,,,,,,,,,https://cdn.shopify.com/s/files/1/0719/2628/4583/files/ec8e6de97b120849b691c57bcc853f28.jpg?v=1788159475,3,סרום הגנה Hyalu-Cica של SKIN1004 – תמונה 3,,,,
skin1004-madagascar-centella-hyalu-cica-water-fit-sun-serum-spf50-pa,,,,,,,,,,,,,,,,,,,,,,,,,https://cdn.shopify.com/s/files/1/0719/2628/4583/files/71Rp_lHOfgL._SL1500___05567.1695397001.jpg?v=1788159475,4,סרום הגנה Hyalu-Cica של SKIN1004 – תמונה 4,,,,
skin1004-madagascar-centella-hyalu-cica-water-fit-sun-serum-spf50-pa,,,,,,,,,,,,,,,,,,,,,,,,,https://cdn.shopify.com/s/files/1/0719/2628/4583/files/71tWcJQRX8L._SL1500___62704.1695397001.jpg?v=1788159475,5,סרום הגנה Hyalu-Cica של SKIN1004 – תמונה 5,,,,
skin1004-madagascar-centella-hyalu-cica-water-fit-sun-serum-spf50-pa,,,,,,,,,,,,,,,,,,,,,,,,,https://cdn.shopify.com/s/files/1/0719/2628/4583/files/71t42oA_PZL._SL1500___92971.1695397001.jpg?v=1788159475,6,סרום הגנה Hyalu-Cica של SKIN1004 – תמונה 6,,,,
skin1004-madagascar-centella-hyalu-cica-water-fit-sun-serum-spf50-pa,,,,,,,,,,,,,,,,,,,,,,,,,https://cdn.shopify.com/s/files/1/0719/2628/4583/files/71QEN6229HL._SL1500___89835.1695397001.jpg?v=1788159475,7,סרום הגנה Hyalu-Cica של SKIN1004 – תמונה 7,,,,
skin1004-madagascar-centella-hyalu-cica-water-fit-sun-serum-spf50-pa,,,,,,,,,,,,,,,,,,,,,,,,,https://cdn.shopify.com/s/files/1/0719/2628/4583/files/61FhhhQrTIL._SL1500___45734.1695397001.jpg?v=1788159475,8,סרום הגנה Hyalu-Cica של SKIN1004 – תמונה 8,,,,
4-in-1-red-light-therapy-wand-activating-serum-kit,4-in-1 Red Light Therapy Wand & Activating Serum Kit,"Solawave 4-in-1 Skincare Wand &amp; Activating Serum Kit bundles the FDA-cleared, award-winning Solawave 4-in-1 Radiant Renewal Skincare Wand with a full-size LightBoost Wand Activating Serum to optimize glide, conductivity, and treatment results. The Wand combines four science-backed technologies in a single handheld device: red light therapy at 630nm with 14 LEDs to boost collagen production and reduce fine lines and wrinkles, therapeutic warmth to relax skin and aid absorption, galvanic current to activate the included serum and deeply hydrate, and facial massage vibration to reduce puffiness and improve circulation. The included LightBoost Wand Activating Serum is powered by the LightBoost Complex, Nonapeptide-1, an Ionic Mineral Complex of magnesium/zinc/copper, and hyaluronic acid to brighten, even tone, plump fine lines, and provide optimal Wand glide. Targets fine lines, wrinkles, dullness, puffiness, and uneven texture in 3-minute treatments used 3-5 times weekly on clean skin. Available in Rose Gold, Gold, and Charcoal. Not recommended during pregnancy, for individuals under 18, those with active skin cancer, or those with seizure or photosensitivity conditions. Rechargeable. HSA/FSA eligible, 1-year warranty, 60-day money-back guarantee.",Solawave,Skin Care Tools,Skincare Tools,"Shopify Collective, Solawave",FALSE,Color,Rose Gold,,,,,61107,222,shopify,0,deny,manual,577.72,632.74,TRUE,TRUE,00810137611075,https://cdn.shopify.com/s/files/1/0719/2628/4583/files/Updated-_RadiantRenewalSkincareWandKitLightBoostSerum-RoseGold_1200x_c979c64a-44e4-4f0c-9110-00c7cd0d18f5_1__webp.webp?v=1787467539,1,,FALSE,,,draft
4-in-1-red-light-therapy-wand-activating-serum-kit,,,,,,,,Color,Gold,,,,,61109,222,shopify,0,deny,manual,577.72,632.74,TRUE,TRUE,00810137611099,https://cdn.shopify.com/s/files/1/0719/2628/4583/files/RadiantRenewalSkincareWandKitLightBoostSerum-Gold_1__webp.webp?v=1787467539,2,,,,,
4-in-1-red-light-therapy-wand-activating-serum-kit,,,,,,,,Color,Charcoal,,,,,61110,222,shopify,0,deny,manual,577.72,632.74,TRUE,TRUE,00810137611105,https://cdn.shopify.com/s/files/1/0719/2628/4583/files/RadiantRenewalSkincareWandKitLightBoostSerum-Charcoal_webp.webp?v=1787467539,3,,,,,
4-in-1-red-light-therapy-wand-activating-serum-kit,,,,,,,,,,,,,,,,,,,,,,,,,https://cdn.shopify.com/s/files/1/0719/2628/4583/files/Wand_1.webp?v=1787467539,4,,,,,
4-in-1-red-light-therapy-wand-activating-serum-kit,,,,,,,,,,,,,,,,,,,,,,,,,https://cdn.shopify.com/s/files/1/0719/2628/4583/files/Wand_2.webp?v=1787467539,5,,,,,
4-in-1-red-light-therapy-wand-activating-serum-kit,,,,,,,,,,,,,,,,,,,,,,,,,https://cdn.shopify.com/s/files/1/0719/2628/4583/files/Wand_4.webp?v=1787467539,6,,,,,
4-in-1-red-light-therapy-wand-activating-serum-kit,,,,,,,,,,,,,,,,,,,,,,,,,https://cdn.shopify.com/s/files/1/0719/2628/4583/files/Solawave_MainImage_Wand.webp?v=1787467539,7,,,,,
4-in-1-red-light-therapy-wand-activating-serum-kit,,,,,,,,,,,,,,,,,,,,,,,,,https://cdn.shopify.com/s/files/1/0719/2628/4583/files/Wand_5.webp?v=1787467539,8,,,,,
4-in-1-red-light-therapy-wand-activating-serum-kit,,,,,,,,,,,,,,,,,,,,,,,,,https://cdn.shopify.com/s/files/1/0719/2628/4583/files/Wand_6.webp?v=1787467539,9,,,,,
4-in-1-red-light-therapy-wand-activating-serum-kit,,,,,,,,,,,,,,,,,,,,,,,,,https://cdn.shopify.com/s/files/1/0719/2628/4583/files/Wand_7.webp?v=1787467539,10,,,,,
4-in-1-red-light-therapy-wand-activating-serum-kit,,,,,,,,,,,,,,,,,,,,,,,,,https://cdn.shopify.com/s/files/1/0719/2628/4583/files/Wand_8.webp?v=1787467539,11,,,,,
4-in-1-red-light-therapy-wand-activating-serum-kit,,,,,,,,,,,,,,,,,,,,,,,,,https://cdn.shopify.com/s/files/1/0719/2628/4583/files/Wand_9.webp?v=1787467539,12,,,,,
4-in-1-red-light-therapy-wand-activating-serum-kit,,,,,,,,,,,,,,,,,,,,,,,,,https://cdn.shopify.com/s/files/1/0719/2628/4583/files/Wand_10.webp?v=1787467539,13,,,,,
4-in-1-red-light-therapy-wand-activating-serum-kit,,,,,,,,,,,,,,,,,,,,,,,,,https://cdn.shopify.com/s/files/1/0719/2628/4583/files/Wand_11.webp?v=1787467539,14,,,,,
4-in-1-red-light-therapy-wand-activating-serum-kit,,,,,,,,,,,,,,,,,,,,,,,,,https://cdn.shopify.com/s/files/1/0719/2628/4583/files/SkincareWandLBTherapy11.webp?v=1787467539,15,,,,,
pre-probiotic-nourishing-moisturizer,Pre- & Probiotic Nourishing Moisturizer,"Solawave Solabiome Nourishing Moisturizer is a pre- and probiotic face cream powered by 5% Solabiome synbiotic complex (Lactobacillus Ferment Lysate probiotic plus Beta-Glucan and Sparassis Crispa cauliflower mushroom prebiotics), collagen peptide (Palmitoyl Pentapeptide-4), triple-weight hyaluronic acid (sodium hyaluronate, hydrolyzed hyaluronic acid, hyaluronic acid), polyglutamic acid, panthenol, and allantoin to deeply hydrate, lock in moisture, support the skin barrier and microbiome, boost elasticity, and visibly plump fine lines. Designed to soothe and balance reactive skin while delivering long-lasting moisture. Apply morning and evening as the final step after cleansing, misting, and serum, using upward and outward strokes across face and neck. Suitable for all skin types including sensitive, dry, dehydrated, and combination — fragrance-free, paraben-free, phthalate-free, PEG-free, cyclic-silicone-free, vegan, cruelty-free, gluten-free, dermatologist-tested, non-comedogenic. Layers well with retinols and other actives, and primes skin to receive light therapy. Pairs with the Solawave Skincare Wand and other LED devices. Patch testing recommended for those with severe allergies. HSA/FSA eligible, 60-day money-back guarantee.",Solawave,Face Moisturizers,,"Shopify Collective, Solawave",FALSE,Title,Default Title,,,,,MSTR-SNM-NC-US-01,204,shopify,0,deny,manual,122.27,122.27,TRUE,TRUE,850035134351,https://cdn.shopify.com/s/files/1/0719/2628/4583/files/MainProductImage-Moisturizer-640x640-1.webp?v=1787467499,1,,FALSE,,,draft
pre-probiotic-nourishing-moisturizer,,,,,,,,,,,,,,,,,,,,,,,,,https://cdn.shopify.com/s/files/1/0719/2628/4583/files/AdditonalGallery-Moisturizer-640x640-4.webp?v=1787467499,2,,,,,
pre-probiotic-nourishing-moisturizer,,,,,,,,,,,,,,,,,,,,,,,,,https://cdn.shopify.com/s/files/1/0719/2628/4583/files/SolabiomeNourishingMoisturizer_41072d96-b6b7-4ef3-bb94-f1b5ea7cfee6.jpg?v=1787467499,3,,,,,
pre-probiotic-nourishing-moisturizer,,,,,,,,,,,,,,,,,,,,,,,,,https://cdn.shopify.com/s/files/1/0719/2628/4583/files/AdditonalGallery-Moisturizer-640x640-3.webp?v=1787467499,4,,,,,
tirtir-mask-fit-red-cushion-24n-latte,קושן Mask Fit Red Cushion בגוון 24N Latte,"<div dir=""rtl"" style=""text-align:right;line-height:1.75;"">
<p><strong>קושן קוריאני לכיסוי גבוה עם גימור זוהר, המשלב מייקאפ עם רכיבי טיפוח כמו פרופוליס ותמציות צמחיות.</strong></p>
<h3>מה חשוב לדעת</h3>
<ul>
<li>כיסוי גבוה במריחה קלה</li>
<li>גימור זוהר ונעים למראה</li>
<li>מגיע עם ספוגית ייעודית להנחה בטפיחות</li>
<li>גוון 24N Latte</li>
</ul>
<p><strong>כמות / גודל:</strong> 18 גרם</p>
<h3>איך משתמשים</h3>
<p>קחי כמות קטנה בעזרת הספוגית המצורפת והניחי בשכבה אחידה על הפנים בתנועות טפיחה.</p>
<p style=""font-size:0.92em;color:#666;""><strong>הערה:</strong> יש לוודא התאמת גוון לפני הרכישה. עיצוב האריזה עשוי להשתנות ללא הודעה מוקדמת.</p>
<h2>למי המוצר מתאים</h2>
<p>לעור שנראה עמום או לא אחיד ולמי שרוצה להוסיף לשגרה שלב ממוקד לזוהר, לחות ומראה רענן יותר.</p>
<h2>המקום שלו בשגרת K-Beauty</h2>
<p>אחרי ששגרת הבוקר וקרם ההגנה נספגו. מניחים מעט חומר וטופחים בשכבות דקות עד לקבלת הכיסוי הרצוי.</p>

<h2>שאלות נפוצות</h2>
<h3>באיזה שלב משתמשים במוצר?</h3>
<p>אחרי ששגרת הבוקר וקרם ההגנה נספגו. מניחים מעט חומר וטופחים בשכבות דקות עד לקבלת הכיסוי הרצוי.</p>
<h3>האם אפשר לשלב אותו בשגרה קיימת?</h3>
<p>כן. מומלץ להוסיף מוצר חדש אחד בכל פעם, לבצע בדיקת רגישות ולהתאים את תדירות השימוש לתחושת העור ולהוראות שעל האריזה.</p>
<p style=""font-size:0.92em;color:#666;"">זהו מוצר קוסמטי ואינו מיועד לאבחן או לטפל במצב רפואי. רשימת הרכיבים והוראות היצרן שעל האריזה הן הקובעות.</p>
</div>",TIRTIR,Foundations & Concealers,Foundation,"K-Beauty, K-Beauty: Glow, Korean Beauty, Shopify Collective, TIRTIR",TRUE,Title,Default Title,,,,,Shopify-8809928133249,113,shopify,0,deny,manual,69.90,,TRUE,TRUE,8809928133249,https://cdn.shopify.com/s/files/1/0719/2628/4583/files/tirtir-mask-fit-red-cushion-24n-latte-tiger-catalog.webp?v=1788179021,1,קושן Mask Fit Red Cushion בגוון 24N Latte של TIRTIR,FALSE,קושן Mask Fit Red Cushion בגוון 24N Latte | TIRTIR,"קושן קוריאני לכיסוי גבוה עם גימור זוהר, המשלב מייקאפ עם רכיבי טיפוח כמו פרופוליס ותמציות צמחיות. מחיר בישראל ומשלוח לכל הארץ.",active
tirtir-mask-fit-red-cushion-24n-latte,,,,,,,,,,,,,,,,,,,,,,,,,https://cdn.shopify.com/s/files/1/0719/2628/4583/files/71DW3KkW6IL._SL1500.jpg?v=1788158017,2,קושן Mask Fit Red Cushion בגוון 24N Latte – תמונה 2,,,,
tirtir-mask-fit-red-cushion-24n-latte,,,,,,,,,,,,,,,,,,,,,,,,,https://cdn.shopify.com/s/files/1/0719/2628/4583/files/61wKnkoglyL._SL1080_beb180f5-40a0-43a3-81a4-d012dcb924d3.jpg?v=1788158017,3,קושן Mask Fit Red Cushion בגוון 24N Latte – תמונה 3,,,,
tirtir-mask-fit-red-cushion-24n-latte,,,,,,,,,,,,,,,,,,,,,,,,,https://cdn.shopify.com/s/files/1/0719/2628/4583/files/61Dn8PCghTL._SL1080_a55fb71b-e1fc-4ff5-be58-3888ecf38eaa.jpg?v=1788158017,4,קושן Mask Fit Red Cushion בגוון 24N Latte – תמונה 4,,,,
tirtir-mask-fit-red-cushion-24n-latte,,,,,,,,,,,,,,,,,,,,,,,,,https://cdn.shopify.com/s/files/1/0719/2628/4583/files/61aoYdeklFL._SL1080.jpg?v=1788158017,5,קושן Mask Fit Red Cushion בגוון 24N Latte – תמונה 5,,,,
torriden-dive-in-low-molecular-hyaluronic-acid-serum,סרום חומצה היאלורונית Dive-In,"<div dir=""rtl"" style=""text-align:right;line-height:1.75;"">
<p><strong>סרום לחות קליל עם קומפלקס 5D של חומצה היאלורונית בגדלים מולקולריים שונים, לספיגה מהירה ולתחושת עור רווי ונעים.</strong></p>
<h3>מה חשוב לדעת</h3>
<ul>
<li>קומפלקס 5D Hyaluronic Acid</li>
<li>מכיל D-Panthenol, Allantoin ו־Madecassoside</li>
<li>נספג במהירות</li>
<li>מתאים כבסיס לפני איפור</li>
</ul>
<p><strong>כמות / גודל:</strong> 50 מ״ל</p>
<h3>איך משתמשים</h3>
<p>לאחר ניקוי וטונר, מרחי כמה טיפות וטפחי בעדינות לספיגה. המשיכי עם קרם לחות. לפי היצרן ניתן להשתמש בבוקר ובערב.</p>
<p style=""font-size:0.92em;color:#666;""><strong>הערה:</strong> עיצוב האריזה עשוי להשתנות ללא הודעה מוקדמת.</p>
<h2>למי המוצר מתאים</h2>
<p>לעור שמרגיש יבש, מתוח או מיובש ולמי שמחפשת לחות נוחה שתשתלב בשגרה בלי להכביד.</p>
<h2>המקום שלו בשגרת K-Beauty</h2>
<p>אחרי ניקוי וטונר ולפני קרם לחות. מתחילים בכמות קטנה ומאפשרים למוצר להיספג לפני השלב הבא.</p>

<h2>שאלות נפוצות</h2>
<h3>באיזה שלב משתמשים במוצר?</h3>
<p>אחרי ניקוי וטונר ולפני קרם לחות. מתחילים בכמות קטנה ומאפשרים למוצר להיספג לפני השלב הבא.</p>
<h3>האם אפשר לשלב אותו בשגרה קיימת?</h3>
<p>כן. מומלץ להוסיף מוצר חדש אחד בכל פעם, לבצע בדיקת רגישות ולהתאים את תדירות השימוש לתחושת העור ולהוראות שעל האריזה.</p>
<p style=""font-size:0.92em;color:#666;"">זהו מוצר קוסמטי ואינו מיועד לאבחן או לטפל במצב רפואי. רשימת הרכיבים והוראות היצרן שעל האריזה הן הקובעות.</p>
</div>",Torriden,Face Serums,Serum,"K-Beauty, K-Beauty: Hydration, Korean Beauty, Shopify Collective, Torriden",TRUE,Title,Default Title,,,,,Shopify-8809504741653,113,shopify,0,deny,manual,89.90,,TRUE,TRUE,8809504741653,https://cdn.shopify.com/s/files/1/0719/2628/4583/files/torriden-dive-in-low-molecular-hyaluronic-acid-serum-catalog-v2.webp?v=1788273151,1,סרום חומצה היאלורונית Dive-In של Torriden על רקע בהיר,FALSE,סרום חומצה היאלורונית Dive-In | Torriden,"סרום לחות קליל עם קומפלקס 5D של חומצה היאלורונית בגדלים מולקולריים שונים, לספיגה מהירה ולתחושת עור רווי ונעים. מחיר בישראל ומשלוח לכל הארץ.",active
torriden-dive-in-low-molecular-hyaluronic-acid-serum,,,,,,,,,,,,,,,,,,,,,,,,,https://cdn.shopify.com/s/files/1/0719/2628/4583/files/torriden-dive-in-low-molecular-hyaluronic-acid-serum-tiger-catalog.webp?v=1788178977,2,סרום חומצה היאלורונית Dive-In של Torriden,,,,
torriden-dive-in-low-molecular-hyaluronic-acid-serum,,,,,,,,,,,,,,,,,,,,,,,,,https://cdn.shopify.com/s/files/1/0719/2628/4583/files/61mmZcxwuOL._SL1500.jpg?v=1788159494,3,סרום חומצה היאלורונית Dive-In של Torriden – תמונה 3,,,,
torriden-dive-in-low-molecular-hyaluronic-acid-serum,,,,,,,,,,,,,,,,,,,,,,,,,https://cdn.shopify.com/s/files/1/0719/2628/4583/files/7127JxZ0L1L._SL1500.jpg?v=1788159494,4,סרום חומצה היאלורונית Dive-In של Torriden – תמונה 4,,,,
torriden-dive-in-low-molecular-hyaluronic-acid-serum,,,,,,,,,,,,,,,,,,,,,,,,,https://cdn.shopify.com/s/files/1/0719/2628/4583/files/71Mnft9NK3L._SL1500.jpg?v=1788159494,5,סרום חומצה היאלורונית Dive-In של Torriden – תמונה 5,,,,
lilyeve-grow-turn-exosome-brush-ampoule,אמפולת מברשת לקרקפת Grow Turn Exosome,"<div dir=""rtl"" style=""text-align:right;line-height:1.75;"">
<p><strong>אמפולה מרוכזת לקרקפת ולשיער עם קפאין ותמציות צמחיות, המגיעה עם ראש מברשת בעל 38 שיניים לפיזור מדויק ונוח.</strong></p>
<h3>מה חשוב לדעת</h3>
<ul>
<li>קפאין ותמצית Houttuynia Cordata</li>
<li>מכילה Lactobacillus Ferment ותמצית Polygonum Multiflorum</li>
<li>ראש מברשת 38 שיניים לפיזור ישיר על הקרקפת</li>
<li>פורמולה מרוכזת וקלילה לספיגה בקרקפת</li>
</ul>
<p><strong>כמות / גודל:</strong> 30 מ״ל או 100 מ״ל</p>
<h3>איך משתמשים</h3>
<p>לאחר החפיפה, יבשי בעדינות במגבת. השתמשי בראש המברשת לפיזור על הקרקפת ועסי בעדינות לספיגה.</p>
<p style=""font-size:0.92em;color:#666;""><strong>הערה:</strong> לשימוש חיצוני בלבד. אין להשתמש על אזורים פצועים. במקרה של גירוי יש להפסיק שימוש ולפעול לפי אזהרות היצרן. יש להימנע ממגע בעיניים.</p>
<h2>למי המוצר מתאים</h2>
<p>למי שרוצה להוסיף לשגרת השיער והקרקפת שלב ממוקד ונוח לשימוש, בהתאם להוראות שעל האריזה.</p>
<h2>המקום שלו בשגרת K-Beauty</h2>
<p>משלבים בשגרת הקרקפת בהתאם להוראות שעל האריזה ולגודל שנבחר. מומלץ להתחיל בכמות קטנה ולהקפיד על שימוש עקבי.</p>

<h2>שאלות נפוצות</h2>
<h3>באיזה שלב משתמשים במוצר?</h3>
<p>משלבים בשגרת הקרקפת בהתאם להוראות שעל האריזה ולגודל שנבחר. מומלץ להתחיל בכמות קטנה ולהקפיד על שימוש עקבי.</p>
<h3>האם אפשר לשלב אותו בשגרה קיימת?</h3>
<p>כן. מומלץ להוסיף מוצר חדש אחד בכל פעם, לבצע בדיקת רגישות ולהתאים את תדירות השימוש לתחושת העור ולהוראות שעל האריזה.</p>
<p style=""font-size:0.92em;color:#666;"">זהו מוצר קוסמטי ואינו מיועד לאבחן או לטפל במצב רפואי. רשימת הרכיבים והוראות היצרן שעל האריזה הן הקובעות.</p>
</div>",lilyeve,Hair Loss Treatments,Hair Loss Treatment,"K-Beauty, Korean Beauty, lilyeve, Shopify Collective",TRUE,Size,100mL,,,,,Shopify-8809964311564,227,shopify,0,deny,manual,119.90,,TRUE,TRUE,8809964311564,https://cdn.shopify.com/s/files/1/0719/2628/4583/files/lilyeve-grow-turn-exosome-brush-ampoule-tiger-catalog.webp?v=1788178980,1,אמפולת מברשת לקרקפת Grow Turn Exosome של lilyeve,FALSE,אמפולת מברשת לקרקפת Grow Turn Exosome | lilyeve,"אמפולה מרוכזת לקרקפת ולשיער עם קפאין ותמציות צמחיות, המגיעה עם ראש מברשת בעל 38 שיניים לפיזור מדויק ונוח. מחיר בישראל ומשלוח לכל הארץ.",active
lilyeve-grow-turn-exosome-brush-ampoule,,,,,,,,Size,30mL,,,,,Shopify-8809964311571,227,shopify,0,deny,manual,89.90,,TRUE,TRUE,8809964311571,https://cdn.shopify.com/s/files/1/0719/2628/4583/files/XXL_p0221818683__28974.1779039935.jpg?v=1788159485,2,אמפולת Grow Turn Exosome לקרקפת – תמונה 2,,,,
lilyeve-grow-turn-exosome-brush-ampoule,,,,,,,,,,,,,,,,,,,,,,,,,https://cdn.shopify.com/s/files/1/0719/2628/4583/files/71nahtj_P7L._SL1500.jpg?v=1788159485,3,אמפולת Grow Turn Exosome לקרקפת – תמונה 3,,,,
lilyeve-grow-turn-exosome-brush-ampoule,,,,,,,,,,,,,,,,,,,,,,,,,https://cdn.shopify.com/s/files/1/0719/2628/4583/files/71ELwqYRx3L._SL1500.jpg?v=1788159485,4,אמפולת Grow Turn Exosome לקרקפת – תמונה 4,,,,
lilyeve-grow-turn-exosome-brush-ampoule,,,,,,,,,,,,,,,,,,,,,,,,,https://cdn.shopify.com/s/files/1/0719/2628/4583/files/71iVT1-c-kL._SL1500.jpg?v=1788159485,5,אמפולת Grow Turn Exosome לקרקפת – תמונה 5,,,,
lilyeve-grow-turn-exosome-brush-ampoule,,,,,,,,,,,,,,,,,,,,,,,,,https://cdn.shopify.com/s/files/1/0719/2628/4583/files/71FpIApyLmL._SL1500.jpg?v=1788159485,6,אמפולת Grow Turn Exosome לקרקפת – תמונה 6,,,,
lilyeve-grow-turn-exosome-brush-ampoule,,,,,,,,,,,,,,,,,,,,,,,,,https://cdn.shopify.com/s/files/1/0719/2628/4583/files/71IWFgGBbpL._SL1500.jpg?v=1788159485,7,אמפולת Grow Turn Exosome לקרקפת – תמונה 7,,,,
lilyeve-grow-turn-exosome-brush-ampoule,,,,,,,,,,,,,,,,,,,,,,,,,https://cdn.shopify.com/s/files/1/0719/2628/4583/files/s-l1600_3e2f041c-58d6-4630-8288-92c610b485e7.jpg?v=1788159485,8,אמפולת Grow Turn Exosome לקרקפת – תמונה 8,,,,
lilyeve-grow-turn-exosome-brush-ampoule,,,,,,,,,,,,,,,,,,,,,,,,,https://cdn.shopify.com/s/files/1/0719/2628/4583/files/61Qk1iuGwWL._SL1500.jpg?v=1788159485,9,אמפולת Grow Turn Exosome לקרקפת – תמונה 9,,,,
lilyeve-grow-turn-exosome-brush-ampoule,,,,,,,,,,,,,,,,,,,,,,,,,https://cdn.shopify.com/s/files/1/0719/2628/4583/files/71GiJGEzStL._SL1500.jpg?v=1788159485,10,אמפולת Grow Turn Exosome לקרקפת – תמונה 10,,,,
lilyeve-grow-turn-exosome-brush-ampoule,,,,,,,,,,,,,,,,,,,,,,,,,https://cdn.shopify.com/s/files/1/0719/2628/4583/files/71crdWUOGLL._SL1500.jpg?v=1788159485,11,אמפולת Grow Turn Exosome לקרקפת – תמונה 11,,,,
medicube-zero-pore-pad-2-0,פדי טונר Zero Pore Pad 2.0,"<div dir=""rtl"" style=""text-align:right;line-height:1.75;"">
<p><strong>פדי טונר דו-צדדיים עם AHA ו־BHA, שנועדו להסיר תאי עור מתים ועודפי סבום ולטפח מראה נקבוביות ומרקם עור חלק יותר.</strong></p>
<h3>מה חשוב לדעת</h3>
<ul>
<li>AHA + BHA לפילינג כימי</li>
<li>צד מובלט לפילינג וניקוי</li>
<li>צד רך ללחות והרגעה</li>
<li>שתי אפשרויות גודל: 10 או 70 פדים</li>
</ul>
<p><strong>כמות / גודל:</strong> 10 או 70 פדים</p>
<h3>איך משתמשים</h3>
<p>לאחר הניקוי, העבירי את הצד המובלט על הפנים, המשיכי עם הצד הרך וטפחי בעדינות את שאריות הטונר לספיגה.</p>
<p style=""font-size:0.92em;color:#666;""><strong>הערה:</strong> מכיל חומצות פילינג. יש לעיין בהוראות ובאזהרות היצרן לפני השימוש.</p>
<h2>למי המוצר מתאים</h2>
<p>לעור מעורב או שמן, למראה מרקם לא אחיד ולמי שמחפשת שגרה ממוקדת יותר סביב נקבוביות ועודפי שומן.</p>
<h2>המקום שלו בשגרת K-Beauty</h2>
<p>אחרי ניקוי ולפני אסנס או סרום. מתחילים בכמות קטנה ומטפחים בעדינות עד לספיגה.</p>

<h2>שאלות נפוצות</h2>
<h3>באיזה שלב משתמשים במוצר?</h3>
<p>אחרי ניקוי ולפני אסנס או סרום. מתחילים בכמות קטנה ומטפחים בעדינות עד לספיגה.</p>
<h3>האם אפשר לשלב אותו בשגרה קיימת?</h3>
<p>כן. מומלץ להוסיף מוצר חדש אחד בכל פעם, לבצע בדיקת רגישות ולהתאים את תדירות השימוש לתחושת העור ולהוראות שעל האריזה.</p>
<p style=""font-size:0.92em;color:#666;"">זהו מוצר קוסמטי ואינו מיועד לאבחן או לטפל במצב רפואי. רשימת הרכיבים והוראות היצרן שעל האריזה הן הקובעות.</p>
</div>",medicube,Skin Care,Toner Lotion,"K-Beauty, K-Beauty: Pores, Korean Beauty, medicube, Shopify Collective",TRUE,Size,70 Pads,,,,,Shopify-8809517412908,340,shopify,0,deny,manual,99.90,,TRUE,TRUE,8809517412908,https://cdn.shopify.com/s/files/1/0719/2628/4583/files/medicube-zero-pore-pad-2-0-tiger-catalog.webp?v=1788178972,1,פדי טונר Zero Pore Pad 2.0 של medicube,FALSE,פדי טונר Zero Pore Pad 2.0 | medicube,"פדי טונר דו-צדדיים עם AHA ו־BHA, שנועדו להסיר תאי עור מתים ועודפי סבום ולטפח מראה נקבוביות ומרקם עור חלק יותר. מחיר בישראל ומשלוח לכל הארץ.",active
medicube-zero-pore-pad-2-0,,,,,,,,Size,10 Pads,,,,,Shopify-8809517412909,340,shopify,0,deny,manual,29.90,,TRUE,TRUE,8809517412909,https://cdn.shopify.com/s/files/1/0719/2628/4583/files/71Mcspt-6AL._AC_SL1500.jpg?v=1788159522,2,פדי טונר Zero Pore Pad 2.0 של medicube – תמונה 2,,,,
medicube-zero-pore-pad-2-0,,,,,,,,,,,,,,,,,,,,,,,,,https://cdn.shopify.com/s/files/1/0719/2628/4583/files/71VRndufcxL._AC_SL1500.jpg?v=1788159522,3,פדי טונר Zero Pore Pad 2.0 של medicube – תמונה 3,,,,
medicube-zero-pore-pad-2-0,,,,,,,,,,,,,,,,,,,,,,,,,https://cdn.shopify.com/s/files/1/0719/2628/4583/files/71e3L3iDNbL._AC_SL1500.jpg?v=1788159522,4,פדי טונר Zero Pore Pad 2.0 של medicube – תמונה 4,,,,
medicube-zero-pore-pad-2-0,,,,,,,,,,,,,,,,,,,,,,,,,https://cdn.shopify.com/s/files/1/0719/2628/4583/files/81fbJaFl9xL._AC_SL1500.jpg?v=1788159522,5,פדי טונר Zero Pore Pad 2.0 של medicube – תמונה 5,,,,
medicube-zero-pore-pad-2-0,,,,,,,,,,,,,,,,,,,,,,,,,https://cdn.shopify.com/s/files/1/0719/2628/4583/files/4edd6822c0a7e6cdb6c5f66a1f6501a6.webp?v=1788159522,6,פדי טונר Zero Pore Pad 2.0 של medicube – תמונה 6,,,,
medicube-zero-pore-pad-mild,פדי טונר Zero Pore Pad Mild,"<div dir=""rtl"" style=""text-align:right;line-height:1.75;"">
<p><strong>הגרסה העדינה של Zero Pore Pad 2.0: פדי טונר דו-צדדיים עם חומצה סליצילית ו־PHA לטיפוח נקבוביות, הסרת תאי עור מתים והחלקת מרקם העור.</strong></p>
<h3>מה חשוב לדעת</h3>
<ul>
<li>צד מובלט לניקוי ופילינג עדין</li>
<li>צד רך יותר להשלמת הלחות וההרגעה</li>
<li>מסייעים להסיר עודפי סבום ותאי עור מתים</li>
<li>מיועדים גם לעור רגיש לפי נתוני היצרן</li>
</ul>
<p><strong>כמות / גודל:</strong> 155 גרם / 70 פדים</p>
<h3>איך משתמשים</h3>
<p>לאחר הניקוי, העבירי את הצד המובלט על הפנים, המשיכי עם הצד הרך וטפחי בעדינות את שאריות הטונר עד לספיגה.</p>
<p style=""font-size:0.92em;color:#666;""><strong>הערה:</strong> עיצוב האריזה עשוי להשתנות ללא הודעה מוקדמת.</p>
<h2>למי המוצר מתאים</h2>
<p>לעור מעורב או שמן, למראה מרקם לא אחיד ולמי שמחפשת שגרה ממוקדת יותר סביב נקבוביות ועודפי שומן.</p>
<h2>המקום שלו בשגרת K-Beauty</h2>
<p>אחרי ניקוי ולפני אסנס או סרום. מתחילים בכמות קטנה ומטפחים בעדינות עד לספיגה.</p>

<h2>שאלות נפוצות</h2>
<h3>באיזה שלב משתמשים במוצר?</h3>
<p>אחרי ניקוי ולפני אסנס או סרום. מתחילים בכמות קטנה ומטפחים בעדינות עד לספיגה.</p>
<h3>האם אפשר לשלב אותו בשגרה קיימת?</h3>
<p>כן. מומלץ להוסיף מוצר חדש אחד בכל פעם, לבצע בדיקת רגישות ולהתאים את תדירות השימוש לתחושת העור ולהוראות שעל האריזה.</p>
<p style=""font-size:0.92em;color:#666;"">זהו מוצר קוסמטי ואינו מיועד לאבחן או לטפל במצב רפואי. רשימת הרכיבים והוראות היצרן שעל האריזה הן הקובעות.</p>
</div>",medicube,Skin Care,Toner Lotion,"K-Beauty, K-Beauty: Pores, Korean Beauty, medicube, Shopify Collective",TRUE,Title,Default Title,,,,,Shopify-8809517414315,340,shopify,0,deny,manual,89.90,,TRUE,TRUE,8809517414315,https://cdn.shopify.com/s/files/1/0719/2628/4583/files/medicube-zero-pore-pad-mild-tiger-catalog.webp?v=1788179023,1,פדי טונר Zero Pore Pad Mild של medicube,FALSE,פדי טונר Zero Pore Pad Mild | medicube,"פדי טונר medicube Zero Pore Pad Mild עם חומצה סליצילית ו־PHA לטיפוח נקבוביות, הסרת תאי עור מתים והחלקת המרקם. מחיר בישראל ומשלוח לכל הארץ.",active
medicube-zero-pore-pad-mild,,,,,,,,,,,,,,,,,,,,,,,,,https://cdn.shopify.com/s/files/1/0719/2628/4583/files/61xQad-MXYL._SL1500.jpg?v=1788157973,2,פדי טונר Zero Pore Pad Mild של medicube – תמונה 2,,,,
medicube-zero-pore-pad-mild,,,,,,,,,,,,,,,,,,,,,,,,,https://cdn.shopify.com/s/files/1/0719/2628/4583/files/712o9EUY-rL._SL1500.jpg?v=1788157973,3,פדי טונר Zero Pore Pad Mild של medicube – תמונה 3,,,,
medicube-zero-pore-pad-mild,,,,,,,,,,,,,,,,,,,,,,,,,https://cdn.shopify.com/s/files/1/0719/2628/4583/files/71_8BVSLDhL._SL1500.jpg?v=1788157973,4,פדי טונר Zero Pore Pad Mild של medicube – תמונה 4,,,,
medicube-zero-pore-pad-mild,,,,,,,,,,,,,,,,,,,,,,,,,https://cdn.shopify.com/s/files/1/0719/2628/4583/files/71xyA7xK7ML._SL1500.jpg?v=1788157973,5,פדי טונר Zero Pore Pad Mild של medicube – תמונה 5,,,,
medicube-zero-pore-pad-mild,,,,,,,,,,,,,,,,,,,,,,,,,https://cdn.shopify.com/s/files/1/0719/2628/4583/files/71gJaGmhduL._SL1500.jpg?v=1788157973,6,פדי טונר Zero Pore Pad Mild של medicube – תמונה 6,,,,
medicube-pdrn-pink-collagen-capsule-cream,קרם קפסולות PDRN Pink Collagen,"<div dir=""rtl"" style=""text-align:right;line-height:1.75;"">
<p><strong>קרם ג׳ל עם קפסולות ורודות ו־PDRN, שניתן לערבב ביחסים שונים כדי להתאים את רמת העושר והלחות לגימור זוהר ונעים.</strong></p>
<h3>מה חשוב לדעת</h3>
<ul>
<li>טכנולוגיית קפסולות לשילוב PDRN בתוך הג׳ל</li>
<li>מרקם ג׳ל לא שמנוני</li>
<li>ניתן להתאים את יחס הקפסולות והג׳ל</li>
<li>מיועד ללחות ולמראה עור זוהר וגמיש יותר</li>
</ul>
<p><strong>כמות / גודל:</strong> 55 גרם</p>
<h3>איך משתמשים</h3>
<p>כשלב האחרון בשגרת הטיפוח, ערבבי על גב היד את הקפסולות הוורודות עם הג׳ל השקוף ומרחי בעדינות. לנטייה קלילה יותר השתמשי ביותר ג׳ל; ללחות עשירה יותר הגדילי את יחס הקפסולות.</p>
<p style=""font-size:0.92em;color:#666;""><strong>הערה:</strong> התוצאות עשויות להשתנות בין סוגי עור שונים. עיצוב האריזה עשוי להשתנות ללא הודעה מוקדמת.</p>
<h2>למי המוצר מתאים</h2>
<p>לעור שנראה עמום או לא אחיד ולמי שרוצה להוסיף לשגרה שלב ממוקד לזוהר, לחות ומראה רענן יותר.</p>
<h2>המקום שלו בשגרת K-Beauty</h2>
<p>אחרי טונר וסרום, כשלב הלחות האחרון בערב. בבוקר מסיימים מעליו עם קרם הגנה.</p>
<p><strong>טיפ קטן:</strong> אם זו הפעם הראשונה שלך עם רכיבים פעילים, התחילי בהדרגה ואל תעמיסי כמה מוצרים פעילים חדשים באותו ערב.</p>
<h2>שאלות נפוצות</h2>
<h3>באיזה שלב משתמשים במוצר?</h3>
<p>אחרי טונר וסרום, כשלב הלחות האחרון בערב. בבוקר מסיימים מעליו עם קרם הגנה.</p>
<h3>האם אפשר לשלב אותו בשגרה קיימת?</h3>
<p>כן. מומלץ להוסיף מוצר חדש אחד בכל פעם, לבצע בדיקת רגישות ולהתאים את תדירות השימוש לתחושת העור ולהוראות שעל האריזה.</p>
<p style=""font-size:0.92em;color:#666;"">זהו מוצר קוסמטי ואינו מיועד לאבחן או לטפל במצב רפואי. רשימת הרכיבים והוראות היצרן שעל האריזה הן הקובעות.</p>
</div>",medicube,Skin Care,Moisturizer,"K-Beauty, K-Beauty: Glow, Korean Beauty, medicube, Shopify Collective",TRUE,Title,Default Title,,,,,Shopify-8800289467714,227,shopify,0,deny,manual,99.90,,TRUE,TRUE,8800289467714,https://cdn.shopify.com/s/files/1/0719/2628/4583/files/medicube-pdrn-pink-collagen-capsule-cream-tiger-catalog.webp?v=1788178968,1,קרם קפסולות PDRN Pink Collagen של medicube,FALSE,קרם קפסולות PDRN Pink Collagen | medicube,"קרם ג׳ל עם קפסולות ורודות ו־PDRN, שניתן לערבב ביחסים שונים כדי להתאים את רמת העושר והלחות לגימור זוהר ונעים. מחיר בישראל ומשלוח לכל הארץ.",active
medicube-pdrn-pink-collagen-capsule-cream,,,,,,,,,,,,,,,,,,,,,,,,,https://cdn.shopify.com/s/files/1/0719/2628/4583/files/611FUTyHdCL._SL1500.jpg?v=1788159531,2,קרם קפסולות PDRN Pink Collagen של medicube – תמונה 2,,,,
medicube-pdrn-pink-collagen-capsule-cream,,,,,,,,,,,,,,,,,,,,,,,,,https://cdn.shopify.com/s/files/1/0719/2628/4583/files/71mAY57tPQL._SL1500.jpg?v=1788159531,3,קרם קפסולות PDRN Pink Collagen של medicube – תמונה 3,,,,
medicube-pdrn-pink-collagen-capsule-cream,,,,,,,,,,,,,,,,,,,,,,,,,https://cdn.shopify.com/s/files/1/0719/2628/4583/files/71Hq-6iyDkL._SL1500.jpg?v=1788159531,4,קרם קפסולות PDRN Pink Collagen של medicube – תמונה 4,,,,
medicube-pdrn-pink-collagen-capsule-cream,,,,,,,,,,,,,,,,,,,,,,,,,https://cdn.shopify.com/s/files/1/0719/2628/4583/files/61paL7SNslL._SL1500.jpg?v=1788159531,5,קרם קפסולות PDRN Pink Collagen של medicube – תמונה 5,,,,
medicube-pdrn-pink-collagen-capsule-cream,,,,,,,,,,,,,,,,,,,,,,,,,https://cdn.shopify.com/s/files/1/0719/2628/4583/files/81rnlRtPq1L._SL1500.jpg?v=1788159531,6,קרם קפסולות PDRN Pink Collagen של medicube – תמונה 6,,,,
